"date","subways_total_estimated_ridership","buses_total_estimated_ridersip"
"2020-03-01T00:00:00.000","2212965","984908"
"2020-03-02T00:00:00.000","5329915","2209066"
"2020-03-03T00:00:00.000","5481103","2228608"
"2020-03-04T00:00:00.000","5498809","2177165"
"2020-03-05T00:00:00.000","5496453","2244515"
"2020-03-06T00:00:00.000","5189447","2066743"
"2020-03-07T00:00:00.000","2814637","1249085"
"2020-03-08T00:00:00.000","2120656","957163"
"2020-03-09T00:00:00.000","4973513","2124770"
"2020-03-10T00:00:00.000","4867818","2111989"
"2020-03-11T00:00:00.000","4697122","2112967"
"2020-03-12T00:00:00.000","4149505","1938424"
"2020-03-13T00:00:00.000","3484996","1715737"
"2020-03-14T00:00:00.000","1670665","993287"
"2020-03-15T00:00:00.000","1157711","711555"
"2020-03-16T00:00:00.000","2178555","1237309"
"2020-03-17T00:00:00.000","1788786","1094949"
"2020-03-18T00:00:00.000","1625280","1059502"
"2020-03-19T00:00:00.000","1422112","933602"
"2020-03-20T00:00:00.000","1309125","868602"
"2020-03-21T00:00:00.000","619618","411491"
"2020-03-22T00:00:00.000","408723","73517"
"2020-03-23T00:00:00.000","709499","59321"
"2020-03-24T00:00:00.000","741587","60334"
"2020-03-25T00:00:00.000","690032","51769"
"2020-03-26T00:00:00.000","680360","49970"
"2020-03-27T00:00:00.000","656817","45514"
"2020-03-28T00:00:00.000","332393","19745"
"2020-03-29T00:00:00.000","263700","14307"
"2020-03-30T00:00:00.000","545215","33659"
"2020-03-31T00:00:00.000","508106","32211"
"2020-04-01T00:00:00.000","513481","29373"
"2020-04-02T00:00:00.000","485586","26788"
"2020-04-03T00:00:00.000","483357","24418"
"2020-04-04T00:00:00.000","282278","13168"
"2020-04-05T00:00:00.000","227303","9748"
"2020-04-06T00:00:00.000","445454","22418"
"2020-04-07T00:00:00.000","434986","21623"
"2020-04-08T00:00:00.000","427485","20361"
"2020-04-09T00:00:00.000","404635","18734"
"2020-04-10T00:00:00.000","400275","17135"
"2020-04-11T00:00:00.000","257061","9718"
"2020-04-12T00:00:00.000","198399","7041"
"2020-04-13T00:00:00.000","363312","14408"
"2020-04-14T00:00:00.000","430155","17937"
"2020-04-15T00:00:00.000","419059","16895"
"2020-04-16T00:00:00.000","420223","16632"
"2020-04-17T00:00:00.000","432368","16350"
"2020-04-18T00:00:00.000","254453","8115"
"2020-04-19T00:00:00.000","224411","6929"
"2020-04-20T00:00:00.000","437852","16522"
"2020-04-21T00:00:00.000","422107","15231"
"2020-04-22T00:00:00.000","458781","16487"
"2020-04-23T00:00:00.000","453520","15786"
"2020-04-24T00:00:00.000","443956","14237"
"2020-04-25T00:00:00.000","295387","8832"
"2020-04-26T00:00:00.000","218787","5498"
"2020-04-27T00:00:00.000","462888","15283"
"2020-04-28T00:00:00.000","489247","16380"
"2020-04-29T00:00:00.000","477799","15406"
"2020-04-30T00:00:00.000","465869","14062"
"2020-05-01T00:00:00.000","494549","14893"
"2020-05-02T00:00:00.000","325865","8912"
"2020-05-03T00:00:00.000","258865","6404"
"2020-05-04T00:00:00.000","511866","16315"
"2020-05-05T00:00:00.000","522085","16377"
"2020-05-06T00:00:00.000","508824","15677"
"2020-05-07T00:00:00.000","535073","16130"
"2020-05-08T00:00:00.000","526054","14571"
"2020-05-09T00:00:00.000","316883","7594"
"2020-05-10T00:00:00.000","271947","6367"
"2020-05-11T00:00:00.000","520873","15176"
"2020-05-12T00:00:00.000","553372","15989"
"2020-05-13T00:00:00.000","565377","16170"
"2020-05-14T00:00:00.000","567392","15905"
"2020-05-15T00:00:00.000","587808","15481"
"2020-05-16T00:00:00.000","360844","8742"
"2020-05-17T00:00:00.000","287418","6504"
"2020-05-18T00:00:00.000","595469","17206"
"2020-05-19T00:00:00.000","610884","17296"
"2020-05-20T00:00:00.000","623749","17674"
"2020-05-21T00:00:00.000","629298","17565"
"2020-05-22T00:00:00.000","633883","16453"
"2020-05-23T00:00:00.000","335830","7186"
"2020-05-24T00:00:00.000","320015","6642"
"2020-05-25T00:00:00.000","393918","7996"
"2020-05-26T00:00:00.000","656766","17819"
"2020-05-27T00:00:00.000","674465","17911"
"2020-05-28T00:00:00.000","658057","17535"
"2020-05-29T00:00:00.000","657259","16378"
"2020-05-30T00:00:00.000","426737","9112"
"2020-05-31T00:00:00.000","344426","6724"
"2020-06-01T00:00:00.000","687162","17833"
"2020-06-02T00:00:00.000","693760","16576"
"2020-06-03T00:00:00.000","681714","17830"
"2020-06-04T00:00:00.000","726672","18538"
"2020-06-05T00:00:00.000","703576","16863"
"2020-06-06T00:00:00.000","464198","8912"
"2020-06-07T00:00:00.000","377990","7579"
"2020-06-08T00:00:00.000","804542","25663"
"2020-06-09T00:00:00.000","842306","26247"
"2020-06-10T00:00:00.000","857015","26735"
"2020-06-11T00:00:00.000","818297","24284"
"2020-06-12T00:00:00.000","896658","24459"
"2020-06-13T00:00:00.000","545316","12115"
"2020-06-14T00:00:00.000","430439","8731"
"2020-06-15T00:00:00.000","897112","27057"
"2020-06-16T00:00:00.000","932671","28049"
"2020-06-17T00:00:00.000","948461","27924"
"2020-06-18T00:00:00.000","942382","27516"
"2020-06-19T00:00:00.000","986929","25578"
"2020-06-20T00:00:00.000","576075","11899"
"2020-06-21T00:00:00.000","449497","9072"
"2020-06-22T00:00:00.000","1000046","30863"
"2020-06-23T00:00:00.000","1050786","32305"
"2020-06-24T00:00:00.000","1068333","32504"
"2020-06-25T00:00:00.000","1078796","32393"
"2020-06-26T00:00:00.000","1102382","30480"
"2020-06-27T00:00:00.000","615398","12942"
"2020-06-28T00:00:00.000","535898","10167"
"2020-06-29T00:00:00.000","1100769","33264"
"2020-06-30T00:00:00.000","1113124","33996"
"2020-07-01T00:00:00.000","1120537","32921"
"2020-07-02T00:00:00.000","1170483","32730"
"2020-07-03T00:00:00.000","851877","16862"
"2020-07-04T00:00:00.000","591605","10769"
"2020-07-05T00:00:00.000","533692","9832"
"2020-07-06T00:00:00.000","1084956","31548"
"2020-07-07T00:00:00.000","1157185","33595"
"2020-07-08T00:00:00.000","1172279","34242"
"2020-07-09T00:00:00.000","1211280","34762"
"2020-07-10T00:00:00.000","1030632","25544"
"2020-07-11T00:00:00.000","692977","12872"
"2020-07-12T00:00:00.000","628187","10966"
"2020-07-13T00:00:00.000","1175700","33302"
"2020-07-14T00:00:00.000","1241080","35391"
"2020-07-15T00:00:00.000","1248413","34701"
"2020-07-16T00:00:00.000","1249128","34199"
"2020-07-17T00:00:00.000","1207265","29696"
"2020-07-18T00:00:00.000","778936","14335"
"2020-07-19T00:00:00.000","584994","9845"
"2020-07-20T00:00:00.000","1156735","30196"
"2020-07-21T00:00:00.000","1241819","32482"
"2020-07-22T00:00:00.000","1233668","33863"
"2020-07-23T00:00:00.000","1233795","33999"
"2020-07-24T00:00:00.000","1218138","29987"
"2020-07-25T00:00:00.000","816604","14777"
"2020-07-26T00:00:00.000","606910","9711"
"2020-07-27T00:00:00.000","1203503","32072"
"2020-07-28T00:00:00.000","1241770","33753"
"2020-07-29T00:00:00.000","1296102","35257"
"2020-07-30T00:00:00.000","1270172","33982"
"2020-07-31T00:00:00.000","1258539","29917"
"2020-08-01T00:00:00.000","842468","16087"
"2020-08-02T00:00:00.000","590060","9874"
"2020-08-03T00:00:00.000","1272996","36945"
"2020-08-04T00:00:00.000","1027187","29426"
"2020-08-05T00:00:00.000","1348202","38283"
"2020-08-06T00:00:00.000","1334694","37059"
"2020-08-07T00:00:00.000","1283894","32170"
"2020-08-08T00:00:00.000","833287","15143"
"2020-08-09T00:00:00.000","662993","11534"
"2020-08-10T00:00:00.000","1275268","34883"
"2020-08-11T00:00:00.000","1319814","36426"
"2020-08-12T00:00:00.000","1298963","36053"
"2020-08-13T00:00:00.000","1291277","34723"
"2020-08-14T00:00:00.000","1355786","32713"
"2020-08-15T00:00:00.000","860789","15522"
"2020-08-16T00:00:00.000","554451","8603"
"2020-08-17T00:00:00.000","1304485","34768"
"2020-08-18T00:00:00.000","1369617","36646"
"2020-08-19T00:00:00.000","1292148","34181"
"2020-08-20T00:00:00.000","1410489","35059"
"2020-08-21T00:00:00.000","1387463","31342"
"2020-08-22T00:00:00.000","882522","13705"
"2020-08-23T00:00:00.000","671560","9698"
"2020-08-24T00:00:00.000","1307345","34021"
"2020-08-25T00:00:00.000","1346490","34993"
"2020-08-26T00:00:00.000","1407639","35975"
"2020-08-27T00:00:00.000","1358272","33969"
"2020-08-28T00:00:00.000","1388583","31956"
"2020-08-29T00:00:00.000","773667","14035"
"2020-08-30T00:00:00.000","748061","16027"
"2020-08-31T00:00:00.000","1397264","787291"
"2020-09-01T00:00:00.000","1469274","947758"
"2020-09-02T00:00:00.000","1487969","972213"
"2020-09-03T00:00:00.000","1529185","1022623"
"2020-09-04T00:00:00.000","1568385","1030811"
"2020-09-05T00:00:00.000","1013725","715922"
"2020-09-06T00:00:00.000","819409","559273"
"2020-09-07T00:00:00.000","870964","615802"
"2020-09-08T00:00:00.000","1555816","1039401"
"2020-09-09T00:00:00.000","1610076","1072887"
"2020-09-10T00:00:00.000","1543662","997030"
"2020-09-11T00:00:00.000","1690334","1070920"
"2020-09-12T00:00:00.000","1083698","752875"
"2020-09-13T00:00:00.000","796740","557231"
"2020-09-14T00:00:00.000","1604381","1065601"
"2020-09-15T00:00:00.000","1678078","1091806"
"2020-09-16T00:00:00.000","1686909","1097389"
"2020-09-17T00:00:00.000","1692368","1094592"
"2020-09-18T00:00:00.000","1725443","1083295"
"2020-09-19T00:00:00.000","1136947","752437"
"2020-09-20T00:00:00.000","827605","558863"
"2020-09-21T00:00:00.000","1624139","1058256"
"2020-09-22T00:00:00.000","1698504","1095678"
"2020-09-23T00:00:00.000","1735333","1119904"
"2020-09-24T00:00:00.000","1722364","1107707"
"2020-09-25T00:00:00.000","1761591","1110956"
"2020-09-26T00:00:00.000","1120143","755197"
"2020-09-27T00:00:00.000","846179","576684"
"2020-09-28T00:00:00.000","1489240","985185"
"2020-09-29T00:00:00.000","1661264","1057135"
"2020-09-30T00:00:00.000","1740820","1101663"
"2020-10-01T00:00:00.000","1809958","1159859"
"2020-10-02T00:00:00.000","1790612","1115793"
"2020-10-03T00:00:00.000","1168040","777674"
"2020-10-04T00:00:00.000","852830","570608"
"2020-10-05T00:00:00.000","1678792","1102675"
"2020-10-06T00:00:00.000","1758454","1137217"
"2020-10-07T00:00:00.000","1770617","1123231"
"2020-10-08T00:00:00.000","1798005","1126770"
"2020-10-09T00:00:00.000","1808079","1117172"
"2020-10-10T00:00:00.000","1170227","771088"
"2020-10-11T00:00:00.000","848469","564051"
"2020-10-12T00:00:00.000","1284655","767564"
"2020-10-13T00:00:00.000","1715183","1063680"
"2020-10-14T00:00:00.000","1838682","1162256"
"2020-10-15T00:00:00.000","1853753","1152434"
"2020-10-16T00:00:00.000","1671320","974110"
"2020-10-17T00:00:00.000","1209473","778070"
"2020-10-18T00:00:00.000","896812","583350"
"2020-10-19T00:00:00.000","1719153","1105134"
"2020-10-20T00:00:00.000","1780231","1119283"
"2020-10-21T00:00:00.000","1812949","1140385"
"2020-10-22T00:00:00.000","1825208","1140210"
"2020-10-23T00:00:00.000","1842588","1123540"
"2020-10-24T00:00:00.000","1185612","775122"
"2020-10-25T00:00:00.000","885001","572347"
"2020-10-26T00:00:00.000","1690651","1061566"
"2020-10-27T00:00:00.000","1815242","1143906"
"2020-10-28T00:00:00.000","1819352","1119450"
"2020-10-29T00:00:00.000","1705072","987440"
"2020-10-30T00:00:00.000","1768018","1030639"
"2020-10-31T00:00:00.000","1174059","747636"
"2020-11-01T00:00:00.000","786675","510820"
"2020-11-02T00:00:00.000","1747908","1072262"
"2020-11-03T00:00:00.000","1602912","1027710"
"2020-11-04T00:00:00.000","1690489","1089354"
"2020-11-05T00:00:00.000","1793796","1130774"
"2020-11-06T00:00:00.000","1837314","1120729"
"2020-11-07T00:00:00.000","1246321","752851"
"2020-11-08T00:00:00.000","927670","587220"
"2020-11-09T00:00:00.000","1752614","1111203"
"2020-11-10T00:00:00.000","1836902","1151911"
"2020-11-11T00:00:00.000","1614812","969123"
"2020-11-12T00:00:00.000","1776666","1054132"
"2020-11-13T00:00:00.000","1816693","1061680"
"2020-11-14T00:00:00.000","1215477","755951"
"2020-11-15T00:00:00.000","820858","528421"
"2020-11-16T00:00:00.000","1741750","1079560"
"2020-11-17T00:00:00.000","1788847","1092416"
"2020-11-18T00:00:00.000","1787688","1065597"
"2020-11-19T00:00:00.000","1757535","1056928"
"2020-11-20T00:00:00.000","1800423","1079029"
"2020-11-21T00:00:00.000","1157957","750801"
"2020-11-22T00:00:00.000","817963","542124"
"2020-11-23T00:00:00.000","1646525","1005225"
"2020-11-24T00:00:00.000","1735702","1068789"
"2020-11-25T00:00:00.000","1688227","1037242"
"2020-11-26T00:00:00.000","652276","444391"
"2020-11-27T00:00:00.000","1263473","815993"
"2020-11-28T00:00:00.000","1032823","689580"
"2020-11-29T00:00:00.000","826974","548548"
"2020-11-30T00:00:00.000","1459131","849277"
"2020-12-01T00:00:00.000","1706348","1068627"
"2020-12-02T00:00:00.000","1699968","1026056"
"2020-12-03T00:00:00.000","1736045","1070197"
"2020-12-04T00:00:00.000","1701628","1024641"
"2020-12-05T00:00:00.000","1000240","617332"
"2020-12-06T00:00:00.000","878393","547330"
"2020-12-07T00:00:00.000","1656627","1032813"
"2020-12-08T00:00:00.000","1540893","1034410"
"2020-12-09T00:00:00.000","1701926","1018247"
"2020-12-10T00:00:00.000","1761336","1075970"
"2020-12-11T00:00:00.000","1786290","1064457"
"2020-12-12T00:00:00.000","1091352","703892"
"2020-12-13T00:00:00.000","911439","582389"
"2020-12-14T00:00:00.000","1584089","955525"
"2020-12-15T00:00:00.000","1783388","1088287"
"2020-12-16T00:00:00.000","1569079","853797"
"2020-12-17T00:00:00.000","1079818","523854"
"2020-12-18T00:00:00.000","1735664","943587"
"2020-12-19T00:00:00.000","1112827","670787"
"2020-12-20T00:00:00.000","821265","516593"
"2020-12-21T00:00:00.000","1716035","1028489"
"2020-12-22T00:00:00.000","1760948","1046799"
"2020-12-23T00:00:00.000","1772537","1048565"
"2020-12-24T00:00:00.000","1312480","822916"
"2020-12-25T00:00:00.000","485208","314171"
"2020-12-26T00:00:00.000","879170","559111"
"2020-12-27T00:00:00.000","760350","474033"
"2020-12-28T00:00:00.000","1510168","922336"
"2020-12-29T00:00:00.000","1555198","930711"
"2020-12-30T00:00:00.000","1582486","948194"
"2020-12-31T00:00:00.000","1274984","792993"
"2021-01-01T00:00:00.000","613692","378288"
"2021-01-02T00:00:00.000","988418","608686"
"2021-01-03T00:00:00.000","653187","413820"
"2021-01-04T00:00:00.000","1557977","964597"
"2021-01-05T00:00:00.000","1597518","990479"
"2021-01-06T00:00:00.000","1613629","996123"
"2021-01-07T00:00:00.000","1611099","989097"
"2021-01-08T00:00:00.000","1619242","982175"
"2021-01-09T00:00:00.000","990412","643475"
"2021-01-10T00:00:00.000","763097","501437"
"2021-01-11T00:00:00.000","1568207","966517"
"2021-01-12T00:00:00.000","1640428","997279"
"2021-01-13T00:00:00.000","1641652","996646"
"2021-01-14T00:00:00.000","1647396","1017757"
"2021-01-15T00:00:00.000","1627120","981817"
"2021-01-16T00:00:00.000","991500","645625"
"2021-01-17T00:00:00.000","797654","504031"
"2021-01-18T00:00:00.000","1276978","766926"
"2021-01-19T00:00:00.000","1635915","1013616"
"2021-01-20T00:00:00.000","1575075","921371"
"2021-01-21T00:00:00.000","1652842","1007042"
"2021-01-22T00:00:00.000","1672001","1018584"
"2021-01-23T00:00:00.000","997551","619673"
"2021-01-24T00:00:00.000","741139","458203"
"2021-01-25T00:00:00.000","1592468","978987"
"2021-01-26T00:00:00.000","1550953","911579"
"2021-01-27T00:00:00.000","1660278","1004792"
"2021-01-28T00:00:00.000","1646806","950205"
"2021-01-29T00:00:00.000","1511680","812264"
"2021-01-30T00:00:00.000","942615","566837"
"2021-01-31T00:00:00.000","722853","427945"
"2021-02-01T00:00:00.000","583230","337228"
"2021-02-02T00:00:00.000","1005985","543073"
"2021-02-03T00:00:00.000","1702598","949695"
"2021-02-04T00:00:00.000","1785833","1033791"
"2021-02-05T00:00:00.000","1741015","1001775"
"2021-02-06T00:00:00.000","1148477","715717"
"2021-02-07T00:00:00.000","652521","367095"
"2021-02-08T00:00:00.000","1639753","964007"
"2021-02-09T00:00:00.000","1666467","992290"
"2021-02-10T00:00:00.000","1750121","1052021"
"2021-02-11T00:00:00.000","1714656","1005348"
"2021-02-12T00:00:00.000","1706430","965421"
"2021-02-13T00:00:00.000","1092063","656637"
"2021-02-14T00:00:00.000","858014","479319"
"2021-02-15T00:00:00.000","1218593","726412"
"2021-02-16T00:00:00.000","1627528","963223"
"2021-02-17T00:00:00.000","1733160","1061711"
"2021-02-18T00:00:00.000","1381886","725951"
"2021-02-19T00:00:00.000","1566021","809308"
"2021-02-20T00:00:00.000","1110589","679240"
"2021-02-21T00:00:00.000","836095","516715"
"2021-02-22T00:00:00.000","1582054","927414"
"2021-02-23T00:00:00.000","1730198","1040398"
"2021-02-24T00:00:00.000","1806306","1099351"
"2021-02-25T00:00:00.000","1798165","1069420"
"2021-02-26T00:00:00.000","1822812","1065376"
"2021-02-27T00:00:00.000","1072932","635820"
"2021-02-28T00:00:00.000","810071","491545"
"2021-03-01T00:00:00.000","1696274","1020837"
"2021-03-02T00:00:00.000","1749511","1024511"
"2021-03-03T00:00:00.000","1846431","1119137"
"2021-03-04T00:00:00.000","1808744","1078036"
"2021-03-05T00:00:00.000","1825915","1041408"
"2021-03-06T00:00:00.000","1167884","696719"
"2021-03-07T00:00:00.000","894119","525930"
"2021-03-08T00:00:00.000","1719586","1039763"
"2021-03-09T00:00:00.000","1834068","1101988"
"2021-03-10T00:00:00.000","1849077","1104610"
"2021-03-11T00:00:00.000","1881902","1107502"
"2021-03-12T00:00:00.000","1914465","1092388"
"2021-03-13T00:00:00.000","1257372","730218"
"2021-03-14T00:00:00.000","923968","531754"
"2021-03-15T00:00:00.000","1730024","1023990"
"2021-03-16T00:00:00.000","1798288","1062179"
"2021-03-17T00:00:00.000","1866414","1103979"
"2021-03-18T00:00:00.000","1771092","1019472"
"2021-03-19T00:00:00.000","1906749","1083647"
"2021-03-20T00:00:00.000","1307403","768908"
"2021-03-21T00:00:00.000","1013386","579358"
"2021-03-22T00:00:00.000","1801438","1095241"
"2021-03-23T00:00:00.000","1879574","1133504"
"2021-03-24T00:00:00.000","1828084","1075968"
"2021-03-25T00:00:00.000","1925768","1127964"
"2021-03-26T00:00:00.000","1938246","1091753"
"2021-03-27T00:00:00.000","1374266","781981"
"2021-03-28T00:00:00.000","807247","459949"
"2021-03-29T00:00:00.000","1742162","1002597"
"2021-03-30T00:00:00.000","1881537","1079381"
"2021-03-31T00:00:00.000","1808546","995873"
"2021-04-01T00:00:00.000","1841815","1030209"
"2021-04-02T00:00:00.000","1757698","958085"
"2021-04-03T00:00:00.000","1318461","750682"
"2021-04-04T00:00:00.000","950194","519812"
"2021-04-05T00:00:00.000","1818703","1088750"
"2021-04-06T00:00:00.000","1942198","1155101"
"2021-04-07T00:00:00.000","1985370","1172362"
"2021-04-08T00:00:00.000","2013413","1177833"
"2021-04-09T00:00:00.000","2026724","1144311"
"2021-04-10T00:00:00.000","1391245","790023"
"2021-04-11T00:00:00.000","899646","504407"
"2021-04-12T00:00:00.000","1845836","1087799"
"2021-04-13T00:00:00.000","2012153","1196355"
"2021-04-14T00:00:00.000","2018126","1199954"
"2021-04-15T00:00:00.000","1906733","1083083"
"2021-04-16T00:00:00.000","2078856","1157507"
"2021-04-17T00:00:00.000","1425036","803352"
"2021-04-18T00:00:00.000","1082503","607333"
"2021-04-19T00:00:00.000","1911326","1147977"
"2021-04-20T00:00:00.000","2082495","1223642"
"2021-04-21T00:00:00.000","1965922","1139762"
"2021-04-22T00:00:00.000","2040232","1166357"
"2021-04-23T00:00:00.000","2121350","1184193"
"2021-04-24T00:00:00.000","1520057","809163"
"2021-04-25T00:00:00.000","985027","540989"
"2021-04-26T00:00:00.000","1955370","1156913"
"2021-04-27T00:00:00.000","2041698","1198299"
"2021-04-28T00:00:00.000","2135793","1227777"
"2021-04-29T00:00:00.000","2028524","1166096"
"2021-04-30T00:00:00.000","2159476","1185321"
"2021-05-01T00:00:00.000","1515211","818655"
"2021-05-02T00:00:00.000","1153471","620063"
"2021-05-03T00:00:00.000","1971010","1165505"
"2021-05-04T00:00:00.000","2120071","1227250"
"2021-05-05T00:00:00.000","2074543","1158445"
"2021-05-06T00:00:00.000","2199943","1258536"
"2021-05-07T00:00:00.000","2238033","1222741"
"2021-05-08T00:00:00.000","1444674","779188"
"2021-05-09T00:00:00.000","1107878","576000"
"2021-05-10T00:00:00.000","1990039","1149109"
"2021-05-11T00:00:00.000","2148322","1231886"
"2021-05-12T00:00:00.000","2182277","1238990"
"2021-05-13T00:00:00.000","2163052","1182347"
"2021-05-14T00:00:00.000","2266974","1220112"
"2021-05-15T00:00:00.000","1637231","844096"
"2021-05-16T00:00:00.000","1201904","621750"
"2021-05-17T00:00:00.000","2022584","1157960"
"2021-05-18T00:00:00.000","2150049","1215676"
"2021-05-19T00:00:00.000","2257549","1253578"
"2021-05-20T00:00:00.000","2269471","1243965"
"2021-05-21T00:00:00.000","2331876","1221591"
"2021-05-22T00:00:00.000","1645268","839877"
"2021-05-23T00:00:00.000","1268928","645466"
"2021-05-24T00:00:00.000","2118877","1192453"
"2021-05-25T00:00:00.000","2270945","1253998"
"2021-05-26T00:00:00.000","2275882","1241052"
"2021-05-27T00:00:00.000","2352019","1246269"
"2021-05-28T00:00:00.000","2232599","1135369"
"2021-05-29T00:00:00.000","1370135","648192"
"2021-05-30T00:00:00.000","1065176","484864"
"2021-05-31T00:00:00.000","1389651","702801"
"2021-06-01T00:00:00.000","2258831","1230127"
"2021-06-02T00:00:00.000","2343745","1249102"
"2021-06-03T00:00:00.000","2233917","1143159"
"2021-06-04T00:00:00.000","2310032","1160335"
"2021-06-05T00:00:00.000","1792204","874545"
"2021-06-06T00:00:00.000","1363344","654780"
"2021-06-07T00:00:00.000","2223265","1200737"
"2021-06-08T00:00:00.000","2265591","1175335"
"2021-06-09T00:00:00.000","2386026","1259005"
"2021-06-10T00:00:00.000","2473818","1276901"
"2021-06-11T00:00:00.000","2468258","1221484"
"2021-06-12T00:00:00.000","1775538","849178"
"2021-06-13T00:00:00.000","1379959","647385"
"2021-06-14T00:00:00.000","2223186","1176722"
"2021-06-15T00:00:00.000","2469785","1277203"
"2021-06-16T00:00:00.000","2519444","1288040"
"2021-06-17T00:00:00.000","2552497","1281552"
"2021-06-18T00:00:00.000","2572013","1235675"
"2021-06-19T00:00:00.000","1784312","841519"
"2021-06-20T00:00:00.000","1389352","652557"
"2021-06-21T00:00:00.000","2264368","1191844"
"2021-06-22T00:00:00.000","2354873","1172110"
"2021-06-23T00:00:00.000","2547416","1264095"
"2021-06-24T00:00:00.000","2552639","1248843"
"2021-06-25T00:00:00.000","2582713","1214123"
"2021-06-26T00:00:00.000","1854179","841585"
"2021-06-27T00:00:00.000","1559967","656004"
"2021-06-28T00:00:00.000","2252362","1152019"
"2021-06-29T00:00:00.000","2343739","1169268"
"2021-06-30T00:00:00.000","2346388","1139886"
"2021-07-01T00:00:00.000","2292461","1104516"
"2021-07-02T00:00:00.000","2296044","1121116"
"2021-07-03T00:00:00.000","1541988","738089"
"2021-07-04T00:00:00.000","1468510","615001"
"2021-07-05T00:00:00.000","1495709","770321"
"2021-07-06T00:00:00.000","2302002","1181416"
"2021-07-07T00:00:00.000","2437064","1234617"
"2021-07-08T00:00:00.000","2364250","1164513"
"2021-07-09T00:00:00.000","2318387","1115969"
"2021-07-10T00:00:00.000","1781717","855908"
"2021-07-11T00:00:00.000","1365854","635511"
"2021-07-12T00:00:00.000","2245412","1171521"
"2021-07-13T00:00:00.000","2457526","1239045"
"2021-07-14T00:00:00.000","2517615","1260044"
"2021-07-15T00:00:00.000","2581582","1275846"
"2021-07-16T00:00:00.000","2536569","1219118"
"2021-07-17T00:00:00.000","1717480","795347"
"2021-07-18T00:00:00.000","1405344","640618"
"2021-07-19T00:00:00.000","2327756","1208792"
"2021-07-20T00:00:00.000","2462002","1217802"
"2021-07-21T00:00:00.000","2504568","1225595"
"2021-07-22T00:00:00.000","2582151","1279778"
"2021-07-23T00:00:00.000","2552330","1219255"
"2021-07-24T00:00:00.000","1852402","856250"
"2021-07-25T00:00:00.000","1364830","625645"
"2021-07-26T00:00:00.000","2318455","1219135"
"2021-07-27T00:00:00.000","2487947","1267804"
"2021-07-28T00:00:00.000","2534756","1276296"
"2021-07-29T00:00:00.000","2428764","1186642"
"2021-07-30T00:00:00.000","2557677","1235623"
"2021-07-31T00:00:00.000","1841007","857333"
"2021-08-01T00:00:00.000","1351294","629963"
"2021-08-02T00:00:00.000","2333923","1208484"
"2021-08-03T00:00:00.000","2483802","1262043"
"2021-08-04T00:00:00.000","2529002","1257876"
"2021-08-05T00:00:00.000","2529190","1259332"
"2021-08-06T00:00:00.000","2519444","1222343"
"2021-08-07T00:00:00.000","1780458","836715"
"2021-08-08T00:00:00.000","1333885","598574"
"2021-08-09T00:00:00.000","2289434","1183050"
"2021-08-10T00:00:00.000","2442194","1245670"
"2021-08-11T00:00:00.000","2475949","1246306"
"2021-08-12T00:00:00.000","2448589","1223666"
"2021-08-13T00:00:00.000","2430102","1189426"
"2021-08-14T00:00:00.000","1718222","811826"
"2021-08-15T00:00:00.000","1430620","661705"
"2021-08-16T00:00:00.000","2287627","1170216"
"2021-08-17T00:00:00.000","2427611","1209633"
"2021-08-18T00:00:00.000","2445638","1210760"
"2021-08-19T00:00:00.000","2439624","1194375"
"2021-08-20T00:00:00.000","2456334","1183308"
"2021-08-21T00:00:00.000","1715030","822340"
"2021-08-22T00:00:00.000","745240","369246"
"2021-08-23T00:00:00.000","2052669","1032792"
"2021-08-24T00:00:00.000","2462365","1234884"
"2021-08-25T00:00:00.000","2498255","1236342"
"2021-08-26T00:00:00.000","2480137","1222996"
"2021-08-27T00:00:00.000","2388210","1147249"
"2021-08-28T00:00:00.000","1659434","776489"
"2021-08-29T00:00:00.000","1398566","630281"
"2021-08-30T00:00:00.000","2321000","1182908"
"2021-08-31T00:00:00.000","2532584","1246463"
"2021-09-01T00:00:00.000","2294448","1086148"
"2021-09-02T00:00:00.000","1661558","1188941"
"2021-09-03T00:00:00.000","2390392","1221668"
"2021-09-04T00:00:00.000","1777639","834456"
"2021-09-05T00:00:00.000","1415352","618622"
"2021-09-06T00:00:00.000","1521388","733947"
"2021-09-07T00:00:00.000","2233674","1102372"
"2021-09-08T00:00:00.000","2529619","1192895"
"2021-09-09T00:00:00.000","2702713","1249341"
"2021-09-10T00:00:00.000","2840443","1322430"
"2021-09-11T00:00:00.000","1983091","870791"
"2021-09-12T00:00:00.000","1589976","694561"
"2021-09-13T00:00:00.000","2852796","1441516"
"2021-09-14T00:00:00.000","3011275","1511145"
"2021-09-15T00:00:00.000","2987334","1503627"
"2021-09-16T00:00:00.000","2534545","1210069"
"2021-09-17T00:00:00.000","3028545","1456201"
"2021-09-18T00:00:00.000","2014848","871175"
"2021-09-19T00:00:00.000","1596823","674024"
"2021-09-20T00:00:00.000","2883211","1481676"
"2021-09-21T00:00:00.000","3018312","1505803"
"2021-09-22T00:00:00.000","3021113","1506211"
"2021-09-23T00:00:00.000","3016106","1483075"
"2021-09-24T00:00:00.000","3121747","1469705"
"2021-09-25T00:00:00.000","2129492","872490"
"2021-09-26T00:00:00.000","1614677","657257"
"2021-09-27T00:00:00.000","2873368","1489441"
"2021-09-28T00:00:00.000","2927715","1457421"
"2021-09-29T00:00:00.000","3063720","1513184"
"2021-09-30T00:00:00.000","3146861","1516081"
"2021-10-01T00:00:00.000","3162881","1492942"
"2021-10-02T00:00:00.000","2063660","883902"
"2021-10-03T00:00:00.000","1575738","673253"
"2021-10-04T00:00:00.000","2864349","1419155"
"2021-10-05T00:00:00.000","3091160","1499767"
"2021-10-06T00:00:00.000","3140986","1532668"
"2021-10-07T00:00:00.000","3190747","1523168"
"2021-10-08T00:00:00.000","3168473","1473912"
"2021-10-09T00:00:00.000","2052699","856308"
"2021-10-10T00:00:00.000","1499385","601821"
"2021-10-11T00:00:00.000","2263615","1045865"
"2021-10-12T00:00:00.000","3102879","1514608"
"2021-10-13T00:00:00.000","3157457","1511356"
"2021-10-14T00:00:00.000","3240686","1527543"
"2021-10-15T00:00:00.000","3227068","1491099"
"2021-10-16T00:00:00.000","2042027","856990"
"2021-10-17T00:00:00.000","1629991","663944"
"2021-10-18T00:00:00.000","2982883","1461843"
"2021-10-19T00:00:00.000","3178208","1510722"
"2021-10-20T00:00:00.000","3234327","1525608"
"2021-10-21T00:00:00.000","3267697","1476434"
"2021-10-22T00:00:00.000","3225816","1471199"
"2021-10-23T00:00:00.000","2077488","847596"
"2021-10-24T00:00:00.000","1599927","659283"
"2021-10-25T00:00:00.000","2994936","1461023"
"2021-10-26T00:00:00.000","2702635","1233660"
"2021-10-27T00:00:00.000","3300580","1503535"
"2021-10-28T00:00:00.000","3365971","1515489"
"2021-10-29T00:00:00.000","3251779","1426938"
"2021-10-30T00:00:00.000","2044310","819620"
"2021-10-31T00:00:00.000","1746769","656203"
"2021-11-01T00:00:00.000","3034306","1448304"
"2021-11-02T00:00:00.000","2848222","1258180"
"2021-11-03T00:00:00.000","3293732","1507287"
"2021-11-04T00:00:00.000","3284315","1486942"
"2021-11-05T00:00:00.000","3293438","1457014"
"2021-11-06T00:00:00.000","2195864","864499"
"2021-11-07T00:00:00.000","1888985","614513"
"2021-11-08T00:00:00.000","3065533","1461178"
"2021-11-09T00:00:00.000","3279457","1518264"
"2021-11-10T00:00:00.000","3351992","1514453"
"2021-11-11T00:00:00.000","2922235","1198235"
"2021-11-12T00:00:00.000","3158682","1350608"
"2021-11-13T00:00:00.000","2169863","815114"
"2021-11-14T00:00:00.000","1703136","657129"
"2021-11-15T00:00:00.000","3110969","1437414"
"2021-11-16T00:00:00.000","3340844","1492110"
"2021-11-17T00:00:00.000","3369069","1501740"
"2021-11-18T00:00:00.000","3412249","1505488"
"2021-11-19T00:00:00.000","3316999","1429787"
"2021-11-20T00:00:00.000","2135731","861772"
"2021-11-21T00:00:00.000","1674206","674551"
"2021-11-22T00:00:00.000","3130363","1418226"
"2021-11-23T00:00:00.000","3286591","1424890"
"2021-11-24T00:00:00.000","3085289","1343391"
"2021-11-25T00:00:00.000","1357198","509782"
"2021-11-26T00:00:00.000","2089772","843588"
"2021-11-27T00:00:00.000","1880422","750986"
"2021-11-28T00:00:00.000","1465745","592081"
"2021-11-29T00:00:00.000","2996015","1381661"
"2021-11-30T00:00:00.000","3207209","1432539"
"2021-12-01T00:00:00.000","3326469","1463384"
"2021-12-02T00:00:00.000","3358843","1449142"
"2021-12-03T00:00:00.000","3374097","1419078"
"2021-12-04T00:00:00.000","2318147","864764"
"2021-12-05T00:00:00.000","1737352","665129"
"2021-12-06T00:00:00.000","3135869","1394230"
"2021-12-07T00:00:00.000","3367790","1453136"
"2021-12-08T00:00:00.000","3378727","1430106"
"2021-12-09T00:00:00.000","3433600","1436883"
"2021-12-10T00:00:00.000","3417451","1404176"
"2021-12-11T00:00:00.000","2266265","786137"
"2021-12-12T00:00:00.000","1829872","627007"
"2021-12-13T00:00:00.000","3120850","1333718"
"2021-12-14T00:00:00.000","3274170","1378221"
"2021-12-15T00:00:00.000","3242168","1436154"
"2021-12-16T00:00:00.000","3219799","1438193"
"2021-12-17T00:00:00.000","3112088","1375383"
"2021-12-18T00:00:00.000","1880969","786073"
"2021-12-19T00:00:00.000","1579809","636393"
"2021-12-20T00:00:00.000","2716451","1277654"
"2021-12-21T00:00:00.000","2697325","1299476"
"2021-12-22T00:00:00.000","2634565","1252621"
"2021-12-23T00:00:00.000","2486489","1166953"
"2021-12-24T00:00:00.000","1575449","746809"
"2021-12-25T00:00:00.000","810937","329549"
"2021-12-26T00:00:00.000","1284738","518897"
"2021-12-27T00:00:00.000","2007649","890096"
"2021-12-28T00:00:00.000","2168419","953933"
"2021-12-29T00:00:00.000","2167077","921562"
"2021-12-30T00:00:00.000","2198415","928012"
"2021-12-31T00:00:00.000","1627589","699749"
"2022-01-01T00:00:00.000","1027918","350845"
"2022-01-02T00:00:00.000","1219735","475096"
"2022-01-03T00:00:00.000","2168229","1000002"
"2022-01-04T00:00:00.000","2289352","1082360"
"2022-01-05T00:00:00.000","2267942","1078511"
"2022-01-06T00:00:00.000","2391176","1146904"
"2022-01-07T00:00:00.000","2121941","880997"
"2022-01-08T00:00:00.000","1486065","631341"
"2022-01-09T00:00:00.000","1102472","475438"
"2022-01-10T00:00:00.000","2347323","1147341"
"2022-01-11T00:00:00.000","2266378","1040581"
"2022-01-12T00:00:00.000","2459224","1179931"
"2022-01-13T00:00:00.000","2524197","1218552"
"2022-01-14T00:00:00.000","2522972","1186647"
"2022-01-15T00:00:00.000","1434676","573037"
"2022-01-16T00:00:00.000","1165626","456257"
"2022-01-17T00:00:00.000","1600048","694066"
"2022-01-18T00:00:00.000","2541044","1222195"
"2022-01-19T00:00:00.000","2642129","1286788"
"2022-01-20T00:00:00.000","2545486","1181953"
"2022-01-21T00:00:00.000","2565781","1151816"
"2022-01-22T00:00:00.000","1583650","655490"
"2022-01-23T00:00:00.000","1245716","529115"
"2022-01-24T00:00:00.000","2536827","1244112"
"2022-01-25T00:00:00.000","2701246","1308979"
"2022-01-26T00:00:00.000","2711803","1266798"
"2022-01-27T00:00:00.000","2724979","1275573"
"2022-01-28T00:00:00.000","2703403","1208092"
"2022-01-29T00:00:00.000","999347","271959"
"2022-01-30T00:00:00.000","1262477","460299"
"2022-01-31T00:00:00.000","2575762","1139164"
"2022-02-01T00:00:00.000","2635083","1127084"
"2022-02-02T00:00:00.000","2940152","1314898"
"2022-02-03T00:00:00.000","2914198","1304726"
"2022-02-04T00:00:00.000","2725725","1176367"
"2022-02-05T00:00:00.000","1792780","726750"
"2022-02-06T00:00:00.000","1323892","558211"
"2022-02-07T00:00:00.000","2784230","1297024"
"2022-02-08T00:00:00.000","3016648","1387432"
"2022-02-09T00:00:00.000","3088775","1421706"
"2022-02-10T00:00:00.000","3112489","1423775"
"2022-02-11T00:00:00.000","3015472","1348189"
"2022-02-12T00:00:00.000","2026308","820629"
"2022-02-13T00:00:00.000","1349864","510307"
"2022-02-14T00:00:00.000","2907825","1272100"
"2022-02-15T00:00:00.000","3030742","1340123"
"2022-02-16T00:00:00.000","3100639","1406714"
"2022-02-17T00:00:00.000","3109956","1408571"
"2022-02-18T00:00:00.000","2953785","1285978"
"2022-02-19T00:00:00.000","1792136","723602"
"2022-02-20T00:00:00.000","1477125","571789"
"2022-02-21T00:00:00.000","1942267","873961"
"2022-02-22T00:00:00.000","2669508","1143526"
"2022-02-23T00:00:00.000","2894245","1247209"
"2022-02-24T00:00:00.000","2858146","1196924"
"2022-02-25T00:00:00.000","2575630","1027563"
"2022-02-26T00:00:00.000","1824833","775358"
"2022-02-27T00:00:00.000","1403227","604646"
"2022-02-28T00:00:00.000","2915786","1362855"
"2022-03-01T00:00:00.000","3138181","1435834"
"2022-03-02T00:00:00.000","3208166","1463263"
"2022-03-03T00:00:00.000","3207495","1434851"
"2022-03-04T00:00:00.000","3077537","1363159"
"2022-03-05T00:00:00.000","1955535","812774"
"2022-03-06T00:00:00.000","1444501","600501"
"2022-03-07T00:00:00.000","2980920","1395540"
"2022-03-08T00:00:00.000","3244473","1456451"
"2022-03-09T00:00:00.000","3113559","1338822"
"2022-03-10T00:00:00.000","3339363","1476288"
"2022-03-11T00:00:00.000","3195956","1419371"
"2022-03-12T00:00:00.000","1663893","637601"
"2022-03-13T00:00:00.000","1479406","590753"
"2022-03-14T00:00:00.000","3008800","1406578"
"2022-03-15T00:00:00.000","3275906","1454522"
"2022-03-16T00:00:00.000","3332335","1476356"
"2022-03-17T00:00:00.000","3175784","1350810"
"2022-03-18T00:00:00.000","3275433","1402806"
"2022-03-19T00:00:00.000","2001839","820933"
"2022-03-20T00:00:00.000","1656673","628693"
"2022-03-21T00:00:00.000","3034759","1418900"
"2022-03-22T00:00:00.000","3276940","1471299"
"2022-03-23T00:00:00.000","3275708","1438665"
"2022-03-24T00:00:00.000","3212181","1373850"
"2022-03-25T00:00:00.000","3218970","1397899"
"2022-03-26T00:00:00.000","2024596","783499"
"2022-03-27T00:00:00.000","1534056","628313"
"2022-03-28T00:00:00.000","2989874","1336330"
"2022-03-29T00:00:00.000","3291883","1430099"
"2022-03-30T00:00:00.000","3336073","1465351"
"2022-03-31T00:00:00.000","3323135","1450363"
"2022-04-01T00:00:00.000","3237107","1411421"
"2022-04-02T00:00:00.000","2128435","879513"
"2022-04-03T00:00:00.000","1463932","607152"
"2022-04-04T00:00:00.000","3127667","1447820"
"2022-04-05T00:00:00.000","3356454","1484961"
"2022-04-06T00:00:00.000","3311547","1403198"
"2022-04-07T00:00:00.000","3307076","1379678"
"2022-04-08T00:00:00.000","3347754","1443367"
"2022-04-09T00:00:00.000","2190396","868945"
"2022-04-10T00:00:00.000","1707748","667662"
"2022-04-11T00:00:00.000","3205728","1433226"
"2022-04-12T00:00:00.000","3078069","1496004"
"2022-04-13T00:00:00.000","3220964","1495891"
"2022-04-14T00:00:00.000","3297697","1438990"
"2022-04-15T00:00:00.000","2761532","1137728"
"2022-04-16T00:00:00.000","1986306","830874"
"2022-04-17T00:00:00.000","1512633","596619"
"2022-04-18T00:00:00.000","2676254","1145261"
"2022-04-19T00:00:00.000","2962130","1189960"
"2022-04-20T00:00:00.000","3098046","1265823"
"2022-04-21T00:00:00.000","3033422","1231047"
"2022-04-22T00:00:00.000","2985684","1217380"
"2022-04-23T00:00:00.000","2109188","844146"
"2022-04-24T00:00:00.000","1655860","648591"
"2022-04-25T00:00:00.000","3026541","1415638"
"2022-04-26T00:00:00.000","3281657","1453452"
"2022-04-27T00:00:00.000","3432282","1500437"
"2022-04-28T00:00:00.000","3404938","1468093"
"2022-04-29T00:00:00.000","3257634","1429909"
"2022-04-30T00:00:00.000","2108746","884540"
"2022-05-01T00:00:00.000","1683953","676070"
"2022-05-02T00:00:00.000","2732825","1176867"
"2022-05-03T00:00:00.000","3402882","1500109"
"2022-05-04T00:00:00.000","3364902","1465639"
"2022-05-05T00:00:00.000","3502522","1523580"
"2022-05-06T00:00:00.000","3190556","1353750"
"2022-05-07T00:00:00.000","1842808","706551"
"2022-05-08T00:00:00.000","1582133","630228"
"2022-05-09T00:00:00.000","3114506","1428758"
"2022-05-10T00:00:00.000","3412902","1504314"
"2022-05-11T00:00:00.000","3440378","1514922"
"2022-05-12T00:00:00.000","3430104","1495220"
"2022-05-13T00:00:00.000","3252002","1410923"
"2022-05-14T00:00:00.000","2149046","840921"
"2022-05-15T00:00:00.000","1760359","692876"
"2022-05-16T00:00:00.000","3080043","1396300"
"2022-05-17T00:00:00.000","3536021","1519740"
"2022-05-18T00:00:00.000","3605606","1511142"
"2022-05-19T00:00:00.000","3467327","1426027"
"2022-05-20T00:00:00.000","3271914","1396732"
"2022-05-21T00:00:00.000","2324245","883795"
"2022-05-22T00:00:00.000","1760638","683500"
"2022-05-23T00:00:00.000","3111755","1431781"
"2022-05-24T00:00:00.000","3378506","1488152"
"2022-05-25T00:00:00.000","3426530","1493506"
"2022-05-26T00:00:00.000","3341059","1464696"
"2022-05-27T00:00:00.000","3031130","1353398"
"2022-05-28T00:00:00.000","1872775","788135"
"2022-05-29T00:00:00.000","1755236","701173"
"2022-05-30T00:00:00.000","1694970","755616"
"2022-05-31T00:00:00.000","3176109","1426470"
"2022-06-01T00:00:00.000","3381297","1465383"
"2022-06-02T00:00:00.000","3351902","1433303"
"2022-06-03T00:00:00.000","3283271","1431042"
"2022-06-04T00:00:00.000","2178024","904623"
"2022-06-05T00:00:00.000","1724983","691644"
"2022-06-06T00:00:00.000","3092181","1411725"
"2022-06-07T00:00:00.000","3392224","1440940"
"2022-06-08T00:00:00.000","3492805","1496144"
"2022-06-09T00:00:00.000","3297157","1333103"
"2022-06-10T00:00:00.000","3376125","1435660"
"2022-06-11T00:00:00.000","2231451","870550"
"2022-06-12T00:00:00.000","1674607","626471"
"2022-06-13T00:00:00.000","3168681","1440429"
"2022-06-14T00:00:00.000","3494822","1493761"
"2022-06-15T00:00:00.000","3526802","1478668"
"2022-06-16T00:00:00.000","3409624","1397317"
"2022-06-17T00:00:00.000","3247379","1397243"
"2022-06-18T00:00:00.000","2186635","884050"
"2022-06-19T00:00:00.000","1725762","693231"
"2022-06-20T00:00:00.000","2460659","1077190"
"2022-06-21T00:00:00.000","3339793","1408052"
"2022-06-22T00:00:00.000","3357113","1361456"
"2022-06-23T00:00:00.000","3407485","1382605"
"2022-06-24T00:00:00.000","3296412","1331442"
"2022-06-25T00:00:00.000","2286963","888953"
"2022-06-26T00:00:00.000","2011977","696910"
"2022-06-27T00:00:00.000","2932598","1279403"
"2022-06-28T00:00:00.000","3248338","1328144"
"2022-06-29T00:00:00.000","3249261","1325530"
"2022-06-30T00:00:00.000","3151572","1300241"
"2022-07-01T00:00:00.000","2827549","1221837"
"2022-07-02T00:00:00.000","1847093","827668"
"2022-07-03T00:00:00.000","1654774","703282"
"2022-07-04T00:00:00.000","1608084","689986"
"2022-07-05T00:00:00.000","2802814","1246208"
"2022-07-06T00:00:00.000","3066462","1330990"
"2022-07-07T00:00:00.000","3115604","1333373"
"2022-07-08T00:00:00.000","2902322","1249434"
"2022-07-09T00:00:00.000","2061419","885289"
"2022-07-10T00:00:00.000","1681041","707984"
"2022-07-11T00:00:00.000","2876587","1312895"
"2022-07-12T00:00:00.000","3148320","1350346"
"2022-07-13T00:00:00.000","3229387","1365172"
"2022-07-14T00:00:00.000","3203104","1355975"
"2022-07-15T00:00:00.000","3021651","1291217"
"2022-07-16T00:00:00.000","2093206","859537"
"2022-07-17T00:00:00.000","1674922","701796"
"2022-07-18T00:00:00.000","2720012","1209240"
"2022-07-19T00:00:00.000","3169016","1372407"
"2022-07-20T00:00:00.000","3190942","1357383"
"2022-07-21T00:00:00.000","3109097","1302978"
"2022-07-22T00:00:00.000","2942752","1267907"
"2022-07-23T00:00:00.000","2028696","862976"
"2022-07-24T00:00:00.000","1596195","674189"
"2022-07-25T00:00:00.000","2727722","1220826"
"2022-07-26T00:00:00.000","3175001","1360570"
"2022-07-27T00:00:00.000","3232796","1369023"
"2022-07-28T00:00:00.000","3151913","1332113"
"2022-07-29T00:00:00.000","2932846","1260714"
"2022-07-30T00:00:00.000","2074421","893846"
"2022-07-31T00:00:00.000","1649097","693700"
"2022-08-01T00:00:00.000","2739262","1240007"
"2022-08-02T00:00:00.000","3070101","1346324"
"2022-08-03T00:00:00.000","3124038","1367848"
"2022-08-04T00:00:00.000","3049076","1323229"
"2022-08-05T00:00:00.000","2822155","1260961"
"2022-08-06T00:00:00.000","1999580","865676"
"2022-08-07T00:00:00.000","1542311","670866"
"2022-08-08T00:00:00.000","2705428","1276524"
"2022-08-09T00:00:00.000","3013784","1308034"
"2022-08-10T00:00:00.000","3134434","1347916"
"2022-08-11T00:00:00.000","3093548","1315101"
"2022-08-12T00:00:00.000","2963913","1273620"
"2022-08-13T00:00:00.000","2089217","878499"
"2022-08-14T00:00:00.000","1677803","692644"
"2022-08-15T00:00:00.000","2768347","1234308"
"2022-08-16T00:00:00.000","3045892","1288800"
"2022-08-17T00:00:00.000","3074027","1284966"
"2022-08-18T00:00:00.000","3077928","1283965"
"2022-08-19T00:00:00.000","2918737","1239929"
"2022-08-20T00:00:00.000","2038622","875371"
"2022-08-21T00:00:00.000","1619422","692309"
"2022-08-22T00:00:00.000","2622885","1144254"
"2022-08-23T00:00:00.000","2992615","1261782"
"2022-08-24T00:00:00.000","3020710","1288092"
"2022-08-25T00:00:00.000","3090901","1310134"
"2022-08-26T00:00:00.000","2863653","1217448"
"2022-08-27T00:00:00.000","2066542","874084"
"2022-08-28T00:00:00.000","1651689","681823"
"2022-08-29T00:00:00.000","2836374","1263000"
"2022-08-30T00:00:00.000","3091873","1326293"
"2022-08-31T00:00:00.000","3144027","1342568"
"2022-09-01T00:00:00.000","3114667","1338287"
"2022-09-02T00:00:00.000","2925306","1250956"
"2022-09-03T00:00:00.000","2116811","867750"
"2022-09-04T00:00:00.000","1802349","701646"
"2022-09-05T00:00:00.000","1691887","682671"
"2022-09-06T00:00:00.000","3063503","1231759"
"2022-09-07T00:00:00.000","3444556","1412342"
"2022-09-08T00:00:00.000","3644407","1517502"
"2022-09-09T00:00:00.000","3481756","1492297"
"2022-09-10T00:00:00.000","2356865","914744"
"2022-09-11T00:00:00.000","1737251","659929"
"2022-09-12T00:00:00.000","3382150","1519324"
"2022-09-13T00:00:00.000","3618354","1557686"
"2022-09-14T00:00:00.000","3741978","1590666"
"2022-09-15T00:00:00.000","3747731","1573907"
"2022-09-16T00:00:00.000","3502358","1501956"
"2022-09-17T00:00:00.000","2350888","916215"
"2022-09-18T00:00:00.000","1844317","712161"
"2022-09-19T00:00:00.000","3369999","1490926"
"2022-09-20T00:00:00.000","3767024","1554448"
"2022-09-21T00:00:00.000","3878782","1543632"
"2022-09-22T00:00:00.000","3732919","1433737"
"2022-09-23T00:00:00.000","3626482","1413234"
"2022-09-24T00:00:00.000","2377091","860948"
"2022-09-25T00:00:00.000","1759832","660871"
"2022-09-26T00:00:00.000","2812853","1206954"
"2022-09-27T00:00:00.000","3204114","1290217"
"2022-09-28T00:00:00.000","3712354","1541900"
"2022-09-29T00:00:00.000","3707751","1503472"
"2022-09-30T00:00:00.000","3503239","1477082"
"2022-10-01T00:00:00.000","2032983","758826"
"2022-10-02T00:00:00.000","1621851","591909"
"2022-10-03T00:00:00.000","3370048","1426633"
"2022-10-04T00:00:00.000","3397689","1354099"
"2022-10-05T00:00:00.000","3077346","1206674"
"2022-10-06T00:00:00.000","3848909","1554806"
"2022-10-07T00:00:00.000","3591080","1480214"
"2022-10-08T00:00:00.000","2397249","888506"
"2022-10-09T00:00:00.000","1917721","691656"
"2022-10-10T00:00:00.000","2556722","1034288"
"2022-10-11T00:00:00.000","3649405","1521587"
"2022-10-12T00:00:00.000","3776129","1554226"
"2022-10-13T00:00:00.000","3682799","1463795"
"2022-10-14T00:00:00.000","3578772","1468602"
"2022-10-15T00:00:00.000","2363501","914771"
"2022-10-16T00:00:00.000","1773903","705073"
"2022-10-17T00:00:00.000","3314497","1430672"
"2022-10-18T00:00:00.000","3693627","1510826"
"2022-10-19T00:00:00.000","3814404","1545140"
"2022-10-20T00:00:00.000","3810901","1532692"
"2022-10-21T00:00:00.000","3570334","1452280"
"2022-10-22T00:00:00.000","2430406","916539"
"2022-10-23T00:00:00.000","1740520","668183"
"2022-10-24T00:00:00.000","3357840","1432728"
"2022-10-25T00:00:00.000","3712582","1512725"
"2022-10-26T00:00:00.000","3794534","1539557"
"2022-10-27T00:00:00.000","3892985","1543031"
"2022-10-28T00:00:00.000","3624748","1455834"
"2022-10-29T00:00:00.000","2440601","912721"
"2022-10-30T00:00:00.000","1875953","711004"
"2022-10-31T00:00:00.000","3410892","1394453"
"2022-11-01T00:00:00.000","3706707","1501329"
"2022-11-02T00:00:00.000","3788123","1549724"
"2022-11-03T00:00:00.000","3802455","1521975"
"2022-11-04T00:00:00.000","3586358","1459619"
"2022-11-05T00:00:00.000","2449943","918127"
"2022-11-06T00:00:00.000","2116063","648085"
"2022-11-07T00:00:00.000","3456868","1478731"
"2022-11-08T00:00:00.000","3431700","1356894"
"2022-11-09T00:00:00.000","3772030","1517250"
"2022-11-10T00:00:00.000","3802230","1516812"
"2022-11-11T00:00:00.000","2994708","1077574"
"2022-11-12T00:00:00.000","2431419","893837"
"2022-11-13T00:00:00.000","1794024","662034"
"2022-11-14T00:00:00.000","3401075","1441705"
"2022-11-15T00:00:00.000","3713627","1483782"
"2022-11-16T00:00:00.000","3751773","1484607"
"2022-11-17T00:00:00.000","3797815","1493119"
"2022-11-18T00:00:00.000","3539202","1412974"
"2022-11-19T00:00:00.000","2323449","864766"
"2022-11-20T00:00:00.000","1721187","645986"
"2022-11-21T00:00:00.000","3363626","1393031"
"2022-11-22T00:00:00.000","3548882","1447618"
"2022-11-23T00:00:00.000","3263998","1358016"
"2022-11-24T00:00:00.000","1382266","515903"
"2022-11-25T00:00:00.000","2058658","842892"
"2022-11-26T00:00:00.000","1999608","781665"
"2022-11-27T00:00:00.000","1476228","562073"
"2022-11-28T00:00:00.000","3265971","1397963"
"2022-11-29T00:00:00.000","3596894","1455294"
"2022-11-30T00:00:00.000","3568413","1356729"
"2022-12-01T00:00:00.000","3770495","1459934"
"2022-12-02T00:00:00.000","3600504","1395642"
"2022-12-03T00:00:00.000","2291687","760109"
"2022-12-04T00:00:00.000","1990479","681713"
"2022-12-05T00:00:00.000","3481640","1429308"
"2022-12-06T00:00:00.000","3753299","1414979"
"2022-12-07T00:00:00.000","3835333","1442871"
"2022-12-08T00:00:00.000","3931499","1480877"
"2022-12-09T00:00:00.000","3710928","1386473"
"2022-12-10T00:00:00.000","2663493","869320"
"2022-12-11T00:00:00.000","1865579","618870"
"2022-12-12T00:00:00.000","3466978","1384864"
"2022-12-13T00:00:00.000","3763568","1437228"
"2022-12-14T00:00:00.000","3777173","1435020"
"2022-12-15T00:00:00.000","3726154","1363160"
"2022-12-16T00:00:00.000","3270016","1221634"
"2022-12-17T00:00:00.000","2577771","884283"
"2022-12-18T00:00:00.000","1967199","668994"
"2022-12-19T00:00:00.000","3381411","1352455"
"2022-12-20T00:00:00.000","3586084","1398728"
"2022-12-21T00:00:00.000","3563236","1393290"
"2022-12-22T00:00:00.000","3187083","1269330"
"2022-12-23T00:00:00.000","2738016","1057686"
"2022-12-24T00:00:00.000","1411469","497129"
"2022-12-25T00:00:00.000","1008452","321245"
"2022-12-26T00:00:00.000","1812842","644828"
"2022-12-27T00:00:00.000","2729514","1027687"
"2022-12-28T00:00:00.000","2947028","1088279"
"2022-12-29T00:00:00.000","3039432","1099513"
"2022-12-30T00:00:00.000","3063480","1087122"
"2022-12-31T00:00:00.000","1927101","651474"
"2023-01-01T00:00:00.000","1675507","475226"
"2023-01-02T00:00:00.000","1938154","739507"
"2023-01-03T00:00:00.000","3175777","1268913"
"2023-01-04T00:00:00.000","3413052","1391449"
"2023-01-05T00:00:00.000","3428520","1378698"
"2023-01-06T00:00:00.000","3229858","1319595"
"2023-01-07T00:00:00.000","2116138","806981"
"2023-01-08T00:00:00.000","1610764","628612"
"2023-01-09T00:00:00.000","3145743","1353638"
"2023-01-10T00:00:00.000","3469177","1412543"
"2023-01-11T00:00:00.000","3508962","1421914"
"2023-01-12T00:00:00.000","3472709","1364715"
"2023-01-13T00:00:00.000","3270020","1345748"
"2023-01-14T00:00:00.000","2072387","785952"
"2023-01-15T00:00:00.000","1705804","621041"
"2023-01-16T00:00:00.000","2172218","884152"
"2023-01-17T00:00:00.000","3451604","1399573"
"2023-01-18T00:00:00.000","3603344","1449590"
"2023-01-19T00:00:00.000","3492226","1327804"
"2023-01-20T00:00:00.000","3375887","1383181"
"2023-01-21T00:00:00.000","2137169","823236"
"2023-01-22T00:00:00.000","1593386","611151"
"2023-01-23T00:00:00.000","3135214","1281037"
"2023-01-24T00:00:00.000","3566756","1410676"
"2023-01-25T00:00:00.000","3511071","1342717"
"2023-01-26T00:00:00.000","3629029","1408545"
"2023-01-27T00:00:00.000","3335372","1341589"
"2023-01-28T00:00:00.000","2248107","861680"
"2023-01-29T00:00:00.000","1637398","647923"
"2023-01-30T00:00:00.000","3223530","1371537"
"2023-01-31T00:00:00.000","3654404","1365926"
"2023-02-01T00:00:00.000","3682758","1460146"
"2023-02-02T00:00:00.000","3699932","1478477"
"2023-02-03T00:00:00.000","3189550","1246821"
"2023-02-04T00:00:00.000","1742435","598818"
"2023-02-05T00:00:00.000","1625375","650623"
"2023-02-06T00:00:00.000","3372445","1431232"
"2023-02-07T00:00:00.000","3738539","1491417"
"2023-02-08T00:00:00.000","3780682","1513135"
"2023-02-09T00:00:00.000","3754859","1462622"
"2023-02-10T00:00:00.000","3539529","1422781"
"2023-02-11T00:00:00.000","2333625","865782"
"2023-02-12T00:00:00.000","1746099","659496"
"2023-02-13T00:00:00.000","3303337","1381524"
"2023-02-14T00:00:00.000","3812943","1480867"
"2023-02-15T00:00:00.000","3762817","1499155"
"2023-02-16T00:00:00.000","3683782","1461093"
"2023-02-17T00:00:00.000","3253165","1315466"
"2023-02-18T00:00:00.000","2271106","822505"
"2023-02-19T00:00:00.000","1824136","639980"
"2023-02-20T00:00:00.000","2238557","929439"
"2023-02-21T00:00:00.000","3325542","1273578"
"2023-02-22T00:00:00.000","3454362","1305744"
"2023-02-23T00:00:00.000","3498367","1328927"
"2023-02-24T00:00:00.000","3246699","1246797"
"2023-02-25T00:00:00.000","2043635","800947"
"2023-02-26T00:00:00.000","1625191","676041"
"2023-02-27T00:00:00.000","3337916","1423292"
"2023-02-28T00:00:00.000","3412079","1349173"
"2023-03-01T00:00:00.000","3780713","1511792"
"2023-03-02T00:00:00.000","3765925","1493623"
"2023-03-03T00:00:00.000","3481830","1417670"
"2023-03-04T00:00:00.000","2173217","870341"
"2023-03-05T00:00:00.000","1772121","712408"
"2023-03-06T00:00:00.000","3427019","1460599"
"2023-03-07T00:00:00.000","3773780","1490272"
"2023-03-08T00:00:00.000","3842861","1514182"
"2023-03-09T00:00:00.000","3827656","1515155"
"2023-03-10T00:00:00.000","3502339","1408909"
"2023-03-11T00:00:00.000","2230530","821990"
"2023-03-12T00:00:00.000","1773585","686039"
"2023-03-13T00:00:00.000","3352388","1377045"
"2023-03-14T00:00:00.000","3577250","1360497"
"2023-03-15T00:00:00.000","3912366","1493605"
"2023-03-16T00:00:00.000","3949788","1522248"
"2023-03-17T00:00:00.000","3661519","1408472"
"2023-03-18T00:00:00.000","2417873","921569"
"2023-03-19T00:00:00.000","1894476","661736"
"2023-03-20T00:00:00.000","3442589","1444823"
"2023-03-21T00:00:00.000","3801084","1511670"
"2023-03-22T00:00:00.000","3797399","1509096"
"2023-03-23T00:00:00.000","3774396","1466839"
"2023-03-24T00:00:00.000","3534300","1420346"
"2023-03-25T00:00:00.000","2153554","784068"
"2023-03-26T00:00:00.000","1939984","724870"
"2023-03-27T00:00:00.000","3397258","1426226"
"2023-03-28T00:00:00.000","3765920","1490842"
"2023-03-29T00:00:00.000","3872948","1521968"
"2023-03-30T00:00:00.000","3860289","1486845"
"2023-03-31T00:00:00.000","3573735","1423686"
"2023-04-01T00:00:00.000","2283533","842213"
"2023-04-02T00:00:00.000","1949665","716880"
"2023-04-03T00:00:00.000","3597785","1475017"
"2023-04-04T00:00:00.000","3906882","1519740"
"2023-04-05T00:00:00.000","3799965","1432322"
"2023-04-06T00:00:00.000","3421271","1264311"
"2023-04-07T00:00:00.000","3130675","1150222"
"2023-04-08T00:00:00.000","2393347","882727"
"2023-04-09T00:00:00.000","1855826","654259"
"2023-04-10T00:00:00.000","3142740","1236634"
"2023-04-11T00:00:00.000","3537843","1316710"
"2023-04-12T00:00:00.000","3576687","1311418"
"2023-04-13T00:00:00.000","3628304","1311906"
"2023-04-14T00:00:00.000","3471420","1294357"
"2023-04-15T00:00:00.000","2365464","890050"
"2023-04-16T00:00:00.000","1864753","728462"
"2023-04-17T00:00:00.000","3418834","1438043"
"2023-04-18T00:00:00.000","3862133","1526133"
"2023-04-19T00:00:00.000","3927706","1530452"
"2023-04-20T00:00:00.000","4002433","1520258"
"2023-04-21T00:00:00.000","3492257","1310737"
"2023-04-22T00:00:00.000","2506140","893014"
"2023-04-23T00:00:00.000","1923243","673668"
"2023-04-24T00:00:00.000","3561262","1466762"
"2023-04-25T00:00:00.000","3956922","1529162"
"2023-04-26T00:00:00.000","3994837","1531476"
"2023-04-27T00:00:00.000","3999831","1506783"
"2023-04-28T00:00:00.000","3703088","1424078"
"2023-04-29T00:00:00.000","2179978","715608"
"2023-04-30T00:00:00.000","1744098","578075"
"2023-05-01T00:00:00.000","3664755","1465598"
"2023-05-02T00:00:00.000","3961858","1498566"
"2023-05-03T00:00:00.000","4030601","1533714"
"2023-05-04T00:00:00.000","3985001","1497427"
"2023-05-05T00:00:00.000","3759375","1450598"
"2023-05-06T00:00:00.000","2563102","934630"
"2023-05-07T00:00:00.000","2033790","705419"
"2023-05-08T00:00:00.000","3563340","1460932"
"2023-05-09T00:00:00.000","3925555","1524892"
"2023-05-10T00:00:00.000","4014009","1528140"
"2023-05-11T00:00:00.000","4015942","1535264"
"2023-05-12T00:00:00.000","3723192","1436385"
"2023-05-13T00:00:00.000","2487178","918257"
"2023-05-14T00:00:00.000","1926966","690606"
"2023-05-15T00:00:00.000","3553443","1440741"
"2023-05-16T00:00:00.000","4002015","1519397"
"2023-05-17T00:00:00.000","4104786","1518546"
"2023-05-18T00:00:00.000","4082154","1492657"
"2023-05-19T00:00:00.000","3789929","1431269"
"2023-05-20T00:00:00.000","2314672","760830"
"2023-05-21T00:00:00.000","2132724","727850"
"2023-05-22T00:00:00.000","3571748","1446015"
"2023-05-23T00:00:00.000","3929003","1500973"
"2023-05-24T00:00:00.000","3960264","1499943"
"2023-05-25T00:00:00.000","3859385","1459601"
"2023-05-26T00:00:00.000","3496511","1370252"
"2023-05-27T00:00:00.000","2375741","848442"
"2023-05-28T00:00:00.000","2029088","707787"
"2023-05-29T00:00:00.000","1952779","758893"
"2023-05-30T00:00:00.000","3714864","1438285"
"2023-05-31T00:00:00.000","3911382","1480801"
"2023-06-01T00:00:00.000","3894167","1457503"
"2023-06-02T00:00:00.000","3626490","1399462"
"2023-06-03T00:00:00.000","2411704","899212"
"2023-06-04T00:00:00.000","1988330","714218"
"2023-06-05T00:00:00.000","3544106","1432156"
"2023-06-06T00:00:00.000","3929131","1474317"
"2023-06-07T00:00:00.000","3743889","1390834"
"2023-06-08T00:00:00.000","3268529","1216291"
"2023-06-09T00:00:00.000","3425232","1256670"
"2023-06-10T00:00:00.000","2608756","892936"
"2023-06-11T00:00:00.000","2075651","695200"
"2023-06-12T00:00:00.000","3479404","1394575"
"2023-06-13T00:00:00.000","3968160","1500122"
"2023-06-14T00:00:00.000","3893073","1434687"
"2023-06-15T00:00:00.000","3928393","1475300"
"2023-06-16T00:00:00.000","3395938","1300751"
"2023-06-17T00:00:00.000","2399521","872453"
"2023-06-18T00:00:00.000","1977582","707615"
"2023-06-19T00:00:00.000","2636887","1075747"
"2023-06-20T00:00:00.000","3782810","1434258"
"2023-06-21T00:00:00.000","3902298","1430476"
"2023-06-22T00:00:00.000","3782472","1367709"
"2023-06-23T00:00:00.000","3470575","1282954"
"2023-06-24T00:00:00.000","2467994","844674"
"2023-06-25T00:00:00.000","2222704","689020"
"2023-06-26T00:00:00.000","3341322","1314743"
"2023-06-27T00:00:00.000","3744227","1391914"
"2023-06-28T00:00:00.000","3634270","1305832"
"2023-06-29T00:00:00.000","3653631","1307649"
"2023-06-30T00:00:00.000","3259767","1248822"
"2023-07-01T00:00:00.000","2239529","859295"
"2023-07-02T00:00:00.000","1783757","668297"
"2023-07-03T00:00:00.000","2662052","1117930"
"2023-07-04T00:00:00.000","1791179","631937"
"2023-07-05T00:00:00.000","3318379","1296583"
"2023-07-06T00:00:00.000","3494806","1333630"
"2023-07-07T00:00:00.000","3292266","1273900"
"2023-07-08T00:00:00.000","2308794","867047"
"2023-07-09T00:00:00.000","1776607","651953"
"2023-07-10T00:00:00.000","3208730","1307297"
"2023-07-11T00:00:00.000","3613670","1381701"
"2023-07-12T00:00:00.000","3696737","1383484"
"2023-07-13T00:00:00.000","3648007","1359302"
"2023-07-14T00:00:00.000","3209393","1231624"
"2023-07-15T00:00:00.000","2326054","889709"
"2023-07-16T00:00:00.000","1599858","583645"
"2023-07-17T00:00:00.000","3282092","1310810"
"2023-07-18T00:00:00.000","3584819","1313665"
"2023-07-19T00:00:00.000","3679343","1342781"
"2023-07-20T00:00:00.000","3711017","1333607"
"2023-07-21T00:00:00.000","3227154","1211839"
"2023-07-22T00:00:00.000","2459990","894490"
"2023-07-23T00:00:00.000","1984503","723774"
"2023-07-24T00:00:00.000","3255379","1302964"
"2023-07-25T00:00:00.000","3630414","1307716"
"2023-07-26T00:00:00.000","3758378","1382345"
"2023-07-27T00:00:00.000","3580012","1313385"
"2023-07-28T00:00:00.000","3266199","1246295"
"2023-07-29T00:00:00.000","2251524","856921"
"2023-07-30T00:00:00.000","1952433","705279"
"2023-07-31T00:00:00.000","3204920","1283835"
"2023-08-01T00:00:00.000","3598379","1357252"
"2023-08-02T00:00:00.000","3640307","1359233"
"2023-08-03T00:00:00.000","3609076","1350472"
"2023-08-04T00:00:00.000","3228510","1241122"
"2023-08-05T00:00:00.000","2364364","879423"
"2023-08-06T00:00:00.000","1910841","715130"
"2023-08-07T00:00:00.000","3041001","1208443"
"2023-08-08T00:00:00.000","3510047","1339073"
"2023-08-09T00:00:00.000","3613062","1369095"
"2023-08-10T00:00:00.000","3429304","1262073"
"2023-08-11T00:00:00.000","3311714","1275618"
"2023-08-12T00:00:00.000","2366787","844749"
"2023-08-13T00:00:00.000","1953558","690541"
"2023-08-14T00:00:00.000","3092801","1246445"
"2023-08-15T00:00:00.000","3385996","1273782"
"2023-08-16T00:00:00.000","3447648","1300953"
"2023-08-17T00:00:00.000","3385056","1275993"
"2023-08-18T00:00:00.000","3182516","1208502"
"2023-08-19T00:00:00.000","2358962","856814"
"2023-08-20T00:00:00.000","1870625","689829"
"2023-08-21T00:00:00.000","2971166","1199440"
"2023-08-22T00:00:00.000","3352769","1263459"
"2023-08-23T00:00:00.000","3412842","1272485"
"2023-08-24T00:00:00.000","3297927","1201155"
"2023-08-25T00:00:00.000","3034255","1143010"
"2023-08-26T00:00:00.000","2281885","844428"
"2023-08-27T00:00:00.000","1909806","702984"
"2023-08-28T00:00:00.000","3121505","1240688"
"2023-08-29T00:00:00.000","3401088","1284953"
"2023-08-30T00:00:00.000","3462970","1267435"
"2023-08-31T00:00:00.000","3450532","1315113"
"2023-09-01T00:00:00.000","3196284","1225370"
"2023-09-02T00:00:00.000","2307416","842591"
"2023-09-03T00:00:00.000","2013506","692079"
"2023-09-04T00:00:00.000","1879819","686326"
"2023-09-05T00:00:00.000","3483755","1349438"
"2023-09-06T00:00:00.000","3712071","1395521"
"2023-09-07T00:00:00.000","3867746","1441437"
"2023-09-08T00:00:00.000","3609701","1365283"
"2023-09-09T00:00:00.000","2425515","840378"
"2023-09-10T00:00:00.000","1822230","626222"
"2023-09-11T00:00:00.000","3596538","1400268"
"2023-09-12T00:00:00.000","4014480","1519571"
"2023-09-13T00:00:00.000","3938516","1482320"
"2023-09-14T00:00:00.000","4045169","1517040"
"2023-09-15T00:00:00.000","3694845","1398937"
"2023-09-16T00:00:00.000","2446139","881354"
"2023-09-17T00:00:00.000","1988003","666392"
"2023-09-18T00:00:00.000","3539047","1294777"
"2023-09-19T00:00:00.000","4140301","1480863"
"2023-09-20T00:00:00.000","4179861","1478618"
"2023-09-21T00:00:00.000","4139288","1478606"
"2023-09-22T00:00:00.000","3840412","1403811"
"2023-09-23T00:00:00.000","2116140","682092"
"2023-09-24T00:00:00.000","1701656","562224"
"2023-09-25T00:00:00.000","2885921","1035021"
"2023-09-26T00:00:00.000","3946624","1393963"
"2023-09-27T00:00:00.000","4074930","1463309"
"2023-09-28T00:00:00.000","4051444","1433729"
"2023-09-29T00:00:00.000","2467295","1053306"
"2023-09-30T00:00:00.000","2205573","789587"
"2023-10-01T00:00:00.000","1995361","669243"
"2023-10-02T00:00:00.000","3649389","1390842"
"2023-10-03T00:00:00.000","4008201","1471939"
"2023-10-04T00:00:00.000","4026878","1467384"
"2023-10-05T00:00:00.000","4030304","1457151"
"2023-10-06T00:00:00.000","3639729","1325428"
"2023-10-07T00:00:00.000","2199478","720734"
"2023-10-08T00:00:00.000","2044534","654443"
"2023-10-09T00:00:00.000","2833654","1023375"
"2023-10-10T00:00:00.000","3954925","1423532"
"2023-10-11T00:00:00.000","4056504","1451764"
"2023-10-12T00:00:00.000","4104598","1436967"
"2023-10-13T00:00:00.000","3560964","1322576"
"2023-10-14T00:00:00.000","2219786","717223"
"2023-10-15T00:00:00.000","2013096","689581"
"2023-10-16T00:00:00.000","3661144","1381665"
"2023-10-17T00:00:00.000","4021342","1439468"
"2023-10-18T00:00:00.000","4074460","1440292"
"2023-10-19T00:00:00.000","4121563","1440111"
"2023-10-20T00:00:00.000","3616336","1232782"
"2023-10-21T00:00:00.000","2438387","793917"
"2023-10-22T00:00:00.000","1983271","678536"
"2023-10-23T00:00:00.000","3667240","1375311"
"2023-10-24T00:00:00.000","4040571","1431006"
"2023-10-25T00:00:00.000","4120011","1443766"
"2023-10-26T00:00:00.000","4142420","1431016"
"2023-10-27T00:00:00.000","3853546","1348576"
"2023-10-28T00:00:00.000","2743759","874941"
"2023-10-29T00:00:00.000","1834459","589929"
"2023-10-30T00:00:00.000","3623778","1314380"
"2023-10-31T00:00:00.000","4016482","1334020"
"2023-11-01T00:00:00.000","4043524","1369637"
"2023-11-02T00:00:00.000","4082807","1380510"
"2023-11-03T00:00:00.000","3808235","1307247"
"2023-11-04T00:00:00.000","2588115","832986"
"2023-11-05T00:00:00.000","2310457","614666"
"2023-11-06T00:00:00.000","3686141","1349481"
"2023-11-07T00:00:00.000","3655078","1270763"
"2023-11-08T00:00:00.000","4066029","1401268"
"2023-11-09T00:00:00.000","4020939","1376822"
"2023-11-10T00:00:00.000","3611367","1250528"
"2023-11-11T00:00:00.000","2588540","817146"
"2023-11-12T00:00:00.000","1947270","642431"
"2023-11-13T00:00:00.000","3597029","1320693"
"2023-11-14T00:00:00.000","3991767","1382768"
"2023-11-15T00:00:00.000","4036442","1389217"
"2023-11-16T00:00:00.000","4048862","1391273"
"2023-11-17T00:00:00.000","3741391","1303240"
"2023-11-18T00:00:00.000","2477547","831053"
"2023-11-19T00:00:00.000","1943926","657965"
"2023-11-20T00:00:00.000","3647283","1300978"
"2023-11-21T00:00:00.000","3774952","1254277"
"2023-11-22T00:00:00.000","3378351","1160847"
"2023-11-23T00:00:00.000","1628385","471662"
"2023-11-24T00:00:00.000","2457591","807221"
"2023-11-25T00:00:00.000","2123590","696466"
"2023-11-26T00:00:00.000","1686490","566395"
"2023-11-27T00:00:00.000","3523494","1253990"
"2023-11-28T00:00:00.000","3916476","1279327"
"2023-11-29T00:00:00.000","4032882","1268990"
"2023-11-30T00:00:00.000","4072271","1340370"
"2023-12-01T00:00:00.000","3723171","1226677"
"2023-12-02T00:00:00.000","2748170","826725"
"2023-12-03T00:00:00.000","1827959","553618"
"2023-12-04T00:00:00.000","3709458","1312507"
"2023-12-05T00:00:00.000","3991835","1346216"
"2023-12-06T00:00:00.000","4116059","1350594"
"2023-12-07T00:00:00.000","4088438","1314833"
"2023-12-08T00:00:00.000","3863961","1261796"
"2023-12-09T00:00:00.000","2922085","828894"
"2023-12-10T00:00:00.000","1838048","539117"
"2023-12-11T00:00:00.000","3642743","1213923"
"2023-12-12T00:00:00.000","4051574","1309303"
"2023-12-13T00:00:00.000","4067457","1314167"
"2023-12-14T00:00:00.000","4122091","1296909"
"2023-12-15T00:00:00.000","3845234","1246465"
"2023-12-16T00:00:00.000","2866544","814457"
"2023-12-17T00:00:00.000","1954707","569005"
"2023-12-18T00:00:00.000","3314782","1082334"
"2023-12-19T00:00:00.000","3912934","1275002"
"2023-12-20T00:00:00.000","3838407","1245547"
"2023-12-21T00:00:00.000","3675448","1200899"
"2023-12-22T00:00:00.000","3372318","1110555"
"2023-12-23T00:00:00.000","2244175","708808"
"2023-12-24T00:00:00.000","1657096","549448"
"2023-12-25T00:00:00.000","1273729","381879"
"2023-12-26T00:00:00.000","2668642","906670"
"2023-12-27T00:00:00.000","2912007","955890"
"2023-12-28T00:00:00.000","3064841","969231"
"2023-12-29T00:00:00.000","3198885","1007697"
"2023-12-30T00:00:00.000","2440211","720564"
"2023-12-31T00:00:00.000","1934651","548344"
"2024-01-01T00:00:00.000","1648734","455965"
"2024-01-02T00:00:00.000","3290639","1091104"
"2024-01-03T00:00:00.000","3555082","1212761"
"2024-01-04T00:00:00.000","3560703","1242971"
"2024-01-05T00:00:00.000","3263064","1185046"
"2024-01-06T00:00:00.000","1942458","684686"
"2024-01-07T00:00:00.000","1472438","502518"
"2024-01-08T00:00:00.000","3303727","1226783"
"2024-01-09T00:00:00.000","3353192","1135694"
"2024-01-10T00:00:00.000","3557166","1248493"
"2024-01-11T00:00:00.000","3688916","1293940"
"2024-01-12T00:00:00.000","3365791","1228696"
"2024-01-13T00:00:00.000","2167383","755670"
"2024-01-14T00:00:00.000","1743556","588809"
"2024-01-15T00:00:00.000","2169917","783032"
"2024-01-16T00:00:00.000","3235935","1078860"
"2024-01-17T00:00:00.000","3616923","1193111"
"2024-01-18T00:00:00.000","3655850","1235693"
"2024-01-19T00:00:00.000","3176408","1109408"
"2024-01-20T00:00:00.000","2024041","677335"
"2024-01-21T00:00:00.000","1576126","548497"
"2024-01-22T00:00:00.000","3305387","1210644"
"2024-01-23T00:00:00.000","3652488","1264199"
"2024-01-24T00:00:00.000","3666907","1247798"
"2024-01-25T00:00:00.000","3681867","1256481"
"2024-01-26T00:00:00.000","3380816","1193175"
"2024-01-27T00:00:00.000","2283244","801262"
"2024-01-28T00:00:00.000","1549077","535857"
"2024-01-29T00:00:00.000","3297571","1211703"
"2024-01-30T00:00:00.000","3717520","1284597"
"2024-01-31T00:00:00.000","3808584","1325692"
"2024-02-01T00:00:00.000","3814682","1337508"
"2024-02-02T00:00:00.000","3457807","1239617"
"2024-02-03T00:00:00.000","2324038","808103"
"2024-02-04T00:00:00.000","1742107","626299"
"2024-02-05T00:00:00.000","3481777","1297578"
"2024-02-06T00:00:00.000","3857533","1346868"
"2024-02-07T00:00:00.000","3900992","1341486"
"2024-02-08T00:00:00.000","3903673","1350925"
"2024-02-09T00:00:00.000","3547321","1268268"
"2024-02-10T00:00:00.000","2385448","795892"
"2024-02-11T00:00:00.000","1774698","628400"
"2024-02-12T00:00:00.000","3374596","1254403"
"2024-02-13T00:00:00.000","2273584","724893"
"2024-02-14T00:00:00.000","3963628","1282121"
"2024-02-15T00:00:00.000","3874860","1305830"
"2024-02-16T00:00:00.000","3504536","1225865"
"2024-02-17T00:00:00.000","2178047","680638"
"2024-02-18T00:00:00.000","1850840","604537"
"2024-02-19T00:00:00.000","2244741","842548"
"2024-02-20T00:00:00.000","3490990","1201850"
"2024-02-21T00:00:00.000","3591484","1222440"
"2024-02-22T00:00:00.000","3588173","1212903"
"2024-02-23T00:00:00.000","3219121","1126271"
"2024-02-24T00:00:00.000","2308808","788962"
"2024-02-25T00:00:00.000","1740477","608010"
"2024-02-26T00:00:00.000","3439079","1275320"
"2024-02-27T00:00:00.000","3802458","1332209"
"2024-02-28T00:00:00.000","3784177","1290829"
"2024-02-29T00:00:00.000","3905888","1334777"
"2024-03-01T00:00:00.000","3573658","1276428"
"2024-03-02T00:00:00.000","2094029","689029"
"2024-03-03T00:00:00.000","1961510","686787"
"2024-03-04T00:00:00.000","3539671","1319592"
"2024-03-05T00:00:00.000","3819514","1263377"
"2024-03-06T00:00:00.000","3865589","1273337"
"2024-03-07T00:00:00.000","3893731","1334827"
"2024-03-08T00:00:00.000","3685219","1291469"
"2024-03-09T00:00:00.000","2128635","747405"
"2024-03-10T00:00:00.000","1803578","630566"
"2024-03-11T00:00:00.000","3497588","1270081"
"2024-03-12T00:00:00.000","3988438","1370319"
"2024-03-13T00:00:00.000","4024943","1377062"
"2024-03-14T00:00:00.000","4049186","1368263"
"2024-03-15T00:00:00.000","3643013","1275542"
"2024-03-16T00:00:00.000","2553056","838318"
"2024-03-17T00:00:00.000","1972170","625861"
"2024-03-18T00:00:00.000","3482565","1296423"
"2024-03-19T00:00:00.000","3869116","1336910"
"2024-03-20T00:00:00.000","3886104","1334002"
"2024-03-21T00:00:00.000","3862248","1317112"
"2024-03-22T00:00:00.000","3581959","1251225"
"2024-03-23T00:00:00.000","1863863","587004"
"2024-03-24T00:00:00.000","1912946","653413"
"2024-03-25T00:00:00.000","3583716","1281676"
"2024-03-26T00:00:00.000","3969793","1355991"
"2024-03-27T00:00:00.000","4014011","1342695"
"2024-03-28T00:00:00.000","3910547","1223847"
"2024-03-29T00:00:00.000","3372535","1096254"
"2024-03-30T00:00:00.000","2526569","801723"
"2024-03-31T00:00:00.000","1936295","606411"
"2024-04-01T00:00:00.000","3321989","1168598"
"2024-04-02T00:00:00.000","3900061","1247638"
"2024-04-03T00:00:00.000","3890305","1162660"
"2024-04-04T00:00:00.000","4100733","1339531"
"2024-04-05T00:00:00.000","3800800","1263607"
"2024-04-06T00:00:00.000","2477127","822825"
"2024-04-07T00:00:00.000","1899641","651153"
"2024-04-08T00:00:00.000","3506719","1258402"
"2024-04-09T00:00:00.000","4042674","1366571"
"2024-04-10T00:00:00.000","3791945","1245909"
"2024-04-11T00:00:00.000","4000485","1315916"
"2024-04-12T00:00:00.000","3668439","1240823"
"2024-04-13T00:00:00.000","2535112","824356"
"2024-04-14T00:00:00.000","2068885","664358"
"2024-04-15T00:00:00.000","3704177","1319005"
"2024-04-16T00:00:00.000","4033514","1370151"
"2024-04-17T00:00:00.000","4021256","1347870"
"2024-04-18T00:00:00.000","3966226","1303010"
"2024-04-19T00:00:00.000","3705782","1278086"
"2024-04-20T00:00:00.000","2537525","830016"
"2024-04-21T00:00:00.000","1918237","651681"
"2024-04-22T00:00:00.000","3219677","1146285"
"2024-04-23T00:00:00.000","3522218","1176798"
"2024-04-24T00:00:00.000","3608010","1180243"
"2024-04-25T00:00:00.000","3723894","1191480"
"2024-04-26T00:00:00.000","3431590","1143792"
"2024-04-27T00:00:00.000","2506779","801494"
"2024-04-28T00:00:00.000","2084950","649572"
"2024-04-29T00:00:00.000","3323706","1161990"
"2024-04-30T00:00:00.000","3638986","1193514"
"2024-05-01T00:00:00.000","4032791","1350660"
"2024-05-02T00:00:00.000","4061242","1349838"
"2024-05-03T00:00:00.000","3780888","1285012"
"2024-05-04T00:00:00.000","2563658","849249"
"2024-05-05T00:00:00.000","1889174","578132"
"2024-05-06T00:00:00.000","3652105","1295794"
"2024-05-07T00:00:00.000","4098321","1375535"
"2024-05-08T00:00:00.000","4087477","1350511"
"2024-05-09T00:00:00.000","4086528","1354139"
"2024-05-10T00:00:00.000","3677268","1212090"
"2024-05-11T00:00:00.000","2648580","845713"
"2024-05-12T00:00:00.000","1858872","559614"
"2024-05-13T00:00:00.000","3703066","1264180"
"2024-05-14T00:00:00.000","4116655","1343633"
"2024-05-15T00:00:00.000","4114615","1288427"
"2024-05-16T00:00:00.000","4105026","1306481"
"2024-05-17T00:00:00.000","3816914","1270674"
"2024-05-18T00:00:00.000","2691368","792454"
"2024-05-19T00:00:00.000","2121485","657256"
"2024-05-20T00:00:00.000","3682061","1291703"
"2024-05-21T00:00:00.000","4029557","1349876"
"2024-05-22T00:00:00.000","4104021","1357841"
"2024-05-23T00:00:00.000","3863099","1275297"
"2024-05-24T00:00:00.000","3583244","1243655"
"2024-05-25T00:00:00.000","2347159","805680"
"2024-05-26T00:00:00.000","2019012","652393"
"2024-05-27T00:00:00.000","1667890","594031"
"2024-05-28T00:00:00.000","3825781","1300611"
"2024-05-29T00:00:00.000","4006764","1309889"
"2024-05-30T00:00:00.000","3979959","1301028"
"2024-05-31T00:00:00.000","3688627","1257526"
"2024-06-01T00:00:00.000","2446153","848601"
"2024-06-02T00:00:00.000","1978037","651637"
"2024-06-03T00:00:00.000","3611491","1294956"
"2024-06-04T00:00:00.000","3979793","1327963"
"2024-06-05T00:00:00.000","4051943","1338427"
"2024-06-06T00:00:00.000","3774324","1207899"
"2024-06-07T00:00:00.000","3752412","1254339"
"2024-06-08T00:00:00.000","2673220","842779"
"2024-06-09T00:00:00.000","2134551","680981"
"2024-06-10T00:00:00.000","3702212","1355986"
"2024-06-11T00:00:00.000","3995425","1390440"
"2024-06-12T00:00:00.000","3977760","1355294"
"2024-06-13T00:00:00.000","3936941","1310210"
"2024-06-14T00:00:00.000","3517062","1212740"
"2024-06-15T00:00:00.000","2431810","851502"
"2024-06-16T00:00:00.000","1897201","653946"
"2024-06-17T00:00:00.000","3325104","1172762"
"2024-06-18T00:00:00.000","3920839","1314338"
"2024-06-19T00:00:00.000","3046320","1068172"
"2024-06-20T00:00:00.000","3857797","1275626"
"2024-06-21T00:00:00.000","3500365","1191812"
"2024-06-22T00:00:00.000","2385207","793674"
"2024-06-23T00:00:00.000","1908786","648887"
"2024-06-24T00:00:00.000","3467845","1227231"
"2024-06-25T00:00:00.000","3831447","1269567"
"2024-06-26T00:00:00.000","3901100","1267408"
"2024-06-27T00:00:00.000","3776811","1214263"
"2024-06-28T00:00:00.000","3522732","1141168"
"2024-06-29T00:00:00.000","2454997","780229"
"2024-06-30T00:00:00.000","2002269","583751"
"2024-07-01T00:00:00.000","3273546","1156904"
"2024-07-02T00:00:00.000","3542073","1216755"
"2024-07-03T00:00:00.000","3409357","1198766"
"2024-07-04T00:00:00.000","1992244","643119"
"2024-07-05T00:00:00.000","2700734","1001854"
"2024-07-06T00:00:00.000","2100877","758425"
"2024-07-07T00:00:00.000","1804572","642652"
"2024-07-08T00:00:00.000","3228784","1176713"
"2024-07-09T00:00:00.000","3605032","1236657"
"2024-07-10T00:00:00.000","3691835","1252733"
"2024-07-11T00:00:00.000","3688029","1233678"
"2024-07-12T00:00:00.000","3261074","1120310"
"2024-07-13T00:00:00.000","2203283","743154"
"2024-07-14T00:00:00.000","1869670","633752"
"2024-07-15T00:00:00.000","3259800","1160722"
"2024-07-16T00:00:00.000","3594150","1209152"
"2024-07-17T00:00:00.000","3651756","1210515"
"2024-07-18T00:00:00.000","3637826","1218605"
"2024-07-19T00:00:00.000","3372874","1207102"
"2024-07-20T00:00:00.000","2269647","803868"
"2024-07-21T00:00:00.000","1877704","659004"
"2024-07-22T00:00:00.000","3235343","1168226"
"2024-07-23T00:00:00.000","3606656","1211237"
"2024-07-24T00:00:00.000","3656472","1220410"
"2024-07-25T00:00:00.000","3638351","1220056"
"2024-07-26T00:00:00.000","3288849","1154709"
"2024-07-27T00:00:00.000","2306948","809660"
"2024-07-28T00:00:00.000","1851383","645704"
"2024-07-29T00:00:00.000","3202281","1147023"
"2024-07-30T00:00:00.000","3590241","1228387"
"2024-07-31T00:00:00.000","3576343","1213507"
"2024-08-01T00:00:00.000","3544663","1208275"
"2024-08-02T00:00:00.000","3153955","1111340"
"2024-08-03T00:00:00.000","2200373","741482"
"2024-08-04T00:00:00.000","1752861","588249"
"2024-08-05T00:00:00.000","3222601","1154644"
"2024-08-06T00:00:00.000","3462581","1130325"
"2024-08-07T00:00:00.000","3511253","1117450"
"2024-08-08T00:00:00.000","3490217","1108956"
"2024-08-09T00:00:00.000","3041276","1039488"
"2024-08-10T00:00:00.000","2356405","777613"
"2024-08-11T00:00:00.000","1918748","614435"
"2024-08-12T00:00:00.000","3169180","1106072"
"2024-08-13T00:00:00.000","3491612","1158412"
"2024-08-14T00:00:00.000","3544668","1182980"
"2024-08-15T00:00:00.000","3495671","1182864"
"2024-08-16T00:00:00.000","3198733","1123673"
"2024-08-17T00:00:00.000","2256233","767022"
"2024-08-18T00:00:00.000","1713050","578595"
"2024-08-19T00:00:00.000","3076559","1090594"
"2024-08-20T00:00:00.000","3475888","1164259"
"2024-08-21T00:00:00.000","3498651","1159036"
"2024-08-22T00:00:00.000","3427911","1140225"
"2024-08-23T00:00:00.000","3209666","1095768"
"2024-08-24T00:00:00.000","2332624","776019"
"2024-08-25T00:00:00.000","1905818","629302"
"2024-08-26T00:00:00.000","3113498","1104199"
"2024-08-27T00:00:00.000","3477101","1177841"
"2024-08-28T00:00:00.000","3516674","1203770"
"2024-08-29T00:00:00.000","3438760","1203629"
"2024-08-30T00:00:00.000","3152242","1132406"
"2024-08-31T00:00:00.000","2158004","771634"
"2024-09-01T00:00:00.000","1969350","658803"
"2024-09-02T00:00:00.000","2007446","629636"
"2024-09-03T00:00:00.000","3629404","1323572"
"2024-09-04T00:00:00.000","3868854","1372412"
"2024-09-05T00:00:00.000","4033322","1434726"
"2024-09-06T00:00:00.000","3794952","1397369"
"2024-09-07T00:00:00.000","2479639","841695"
"2024-09-08T00:00:00.000","2101048","724969"
"2024-09-09T00:00:00.000","3811344","1458059"
"2024-09-10T00:00:00.000","4182405","1510358"
"2024-09-11T00:00:00.000","4214707","1489570"
"2024-09-12T00:00:00.000","4232214","1515496"
"2024-09-13T00:00:00.000","3911412","1442741"
"2024-09-14T00:00:00.000","2706474","913017"
"2024-09-15T00:00:00.000","2161737","705080"
"2024-09-16T00:00:00.000","3821428","1473843"
"2024-09-17T00:00:00.000","4189311","1536675"
"2024-09-18T00:00:00.000","4232888","1539412"
"2024-09-19T00:00:00.000","4255184","1547727"
"2024-09-20T00:00:00.000","3933048","1471585"
"2024-09-21T00:00:00.000","2744632","950423"
"2024-09-22T00:00:00.000","2131910","737715"
"2024-09-23T00:00:00.000","3898806","1457916"
"2024-09-24T00:00:00.000","4323708","1500066"
"2024-09-25T00:00:00.000","4335945","1487149"
"2024-09-26T00:00:00.000","4295723","1467648"
"2024-09-27T00:00:00.000","3945383","1438524"
"2024-09-28T00:00:00.000","2557982","863284"
"2024-09-29T00:00:00.000","1959363","664367"
"2024-09-30T00:00:00.000","3849138","1486507"
"2024-10-01T00:00:00.000","4179363","1546620"
"2024-10-02T00:00:00.000","4068073","1504660"
"2024-10-03T00:00:00.000","3627528","1333760"
"2024-10-04T00:00:00.000","3506654","1313232"
"2024-10-05T00:00:00.000","2710146","953356"
"2024-10-06T00:00:00.000","2065294","737760"
"2024-10-07T00:00:00.000","3847055","1478576"
"2024-10-08T00:00:00.000","4256950","1554839"
"2024-10-09T00:00:00.000","4313211","1555422"
"2024-10-10T00:00:00.000","4329161","1534201"
"2024-10-11T00:00:00.000","3868564","1435476"
"2024-10-12T00:00:00.000","2587128","940999"
"2024-10-13T00:00:00.000","2153429","744866"
"2024-10-14T00:00:00.000","3066851","1076828"
"2024-10-15T00:00:00.000","4284818","1487706"
"2024-10-16T00:00:00.000","4357117","1495298"
"2024-10-17T00:00:00.000","4309633","1496057"
"2024-10-18T00:00:00.000","4030998","1443165"
"2024-10-19T00:00:00.000","2752350","930951"
"2024-10-20T00:00:00.000","2176476","733271"
"2024-10-21T00:00:00.000","3842315","1471964"
"2024-10-22T00:00:00.000","4218881","1528809"
"2024-10-23T00:00:00.000","4276606","1537563"
"2024-10-24T00:00:00.000","4304831","1484054"
"2024-10-25T00:00:00.000","4019790","1376080"
"2024-10-26T00:00:00.000","2828539","960099"
"2024-10-27T00:00:00.000","2208683","740417"
"2024-10-28T00:00:00.000","3983168","1473020"
"2024-10-29T00:00:00.000","4378791","1514830"
"2024-10-30T00:00:00.000","4417951","1533630"
"2024-10-31T00:00:00.000","4340272","1423507"
"2024-11-01T00:00:00.000","3780874","1290003"
"2024-11-02T00:00:00.000","2817106","924453"
"2024-11-03T00:00:00.000","2602870","647668"
"2024-11-04T00:00:00.000","3949699","1450761"
"2024-11-05T00:00:00.000","3640246","1321929"
"2024-11-06T00:00:00.000","4113411","1490566"
"2024-11-07T00:00:00.000","4232190","1499670"
"2024-11-08T00:00:00.000","3971878","1428851"
"2024-11-09T00:00:00.000","2770474","920210"
"2024-11-10T00:00:00.000","2117144","713083"
"2024-11-11T00:00:00.000","3277617","1173328"
"2024-11-12T00:00:00.000","4263199","1487306"
"2024-11-13T00:00:00.000","4331024","1496105"
"2024-11-14T00:00:00.000","4296568","1476496"
"2024-11-15T00:00:00.000","3986526","1386340"
"2024-11-16T00:00:00.000","2789132","919983"
"2024-11-17T00:00:00.000","2101806","719084"
"2024-11-18T00:00:00.000","3900958","1442803"
"2024-11-19T00:00:00.000","4277932","1504152"
"2024-11-20T00:00:00.000","4298945","1508975"
"2024-11-21T00:00:00.000","4217744","1352576"
"2024-11-22T00:00:00.000","3854860","1304306"
"2024-11-23T00:00:00.000","2720244","903100"
"2024-11-24T00:00:00.000","2075015","712523"
"2024-11-25T00:00:00.000","3914213","1440435"
"2024-11-26T00:00:00.000","4030009","1412275"
"2024-11-27T00:00:00.000","3710430","1370366"
"2024-11-28T00:00:00.000","1513447","462819"
"2024-11-29T00:00:00.000","2677499","910730"
"2024-11-30T00:00:00.000","2319981","787685"
"2024-12-01T00:00:00.000","1893492","629660"
"2024-12-02T00:00:00.000","3813795","1371135"
"2024-12-03T00:00:00.000","4240442","1455281"
"2024-12-04T00:00:00.000","4374883","1446527"
"2024-12-05T00:00:00.000","4354863","1401376"
"2024-12-06T00:00:00.000","4121085","1340421"
"2024-12-07T00:00:00.000","3017208","883693"
"2024-12-08T00:00:00.000","2348950","708798"
"2024-12-09T00:00:00.000","3941361","1369917"
"2024-12-10T00:00:00.000","4374063","1444209"
"2024-12-11T00:00:00.000","4255328","1353141"
"2024-12-12T00:00:00.000","4527892","1431599"
"2024-12-13T00:00:00.000","4178812","1347451"
"2024-12-14T00:00:00.000","3123454","882335"
"2024-12-15T00:00:00.000","2337436","694080"
"2024-12-16T00:00:00.000","3866550","1277624"
"2024-12-17T00:00:00.000","4341385","1457557"
"2024-12-18T00:00:00.000","4292792","1430923"
"2024-12-19T00:00:00.000","4255466","1431183"
"2024-12-20T00:00:00.000","3842344","1296068"
"2024-12-21T00:00:00.000","2645323","788267"
"2024-12-22T00:00:00.000","2061173","607735"
"2024-12-23T00:00:00.000","3216875","1087369"
"2024-12-24T00:00:00.000","2546394","906044"
"2024-12-25T00:00:00.000","1378374","417229"
"2024-12-26T00:00:00.000","2852679","982867"
"2024-12-27T00:00:00.000","3161486","1058666"
"2024-12-28T00:00:00.000","2268511","726217"
"2024-12-29T00:00:00.000","2122102","664628"
"2024-12-30T00:00:00.000","3315993","1110767"
"2024-12-31T00:00:00.000","2874096","984193"
"2025-01-01T00:00:00.000","1779352","495795"
"2025-01-02T00:00:00.000","3376924","1204698"
"2025-01-03T00:00:00.000","3413021","1225317"
"2025-01-04T00:00:00.000","2315493","774643"
"2025-01-05T00:00:00.000","1791020","618750"
"2025-01-06T00:00:00.000","3436491","1238969"
"2025-01-07T00:00:00.000","3781536","1275936"
"2025-01-08T00:00:00.000","3830616","1256260"
"2025-01-09T00:00:00.000","3734383","787710"
